violencia_infancia,violencia_pareja
0,1
0,1
1,0
1,0
0,0
1,0
0,1
0,0
0,0
0,1
0,0
0,0
0,1
1,1
0,0
0,0
0,0
1,1
1,0
1,1
0,0
1,1
0,0
1,1
1,0
1,1
0,1
1,0
0,0
1,0
1,0
0,0
0,0
0,1
1,0
1,0
0,0
0,0
0,0
0,0
0,1
0,0
0,0
1,0
0,0
0,0
1,0
0,0
1,1
1,0
1,1
1,0
0,0
1,0
1,1
0,1
1,1
0,0
0,0
0,0
1,0
0,0
0,0
0,0
0,0
1,1
0,0
1,1
1,0
1,0
1,1
0,1
0,0
0,0
1,0
0,0
0,0
1,0
0,0
0,1
0,0
0,0
0,1
1,0
0,0
1,0
1,1
0,0
0,1
1,0
0,0
0,0
1,0
0,0
1,1
0,0
0,0
0,0
1,1
0,0
0,0
0,0
1,1
1,0
1,1
0,1
0,0
1,1
0,0
0,0
0,0
0,0
1,0
1,1
0,0
0,1
1,0
1,1
0,0
0,0
1,0
1,0
0,0
1,0
1,0
1,0
0,1
1,0
0,0
0,0
1,0
1,0
1,1
0,1
0,0
1,0
1,0
0,0
0,0
0,0
0,0
1,0
1,0
0,0
0,0
0,1
0,0
0,1
0,0
1,1
0,0
0,0
1,1
1,0
0,0
1,0
1,0
1,0
0,0
1,0
0,0
0,0
0,0
0,0
0,0
0,0
1,0
1,0
1,1
1,0
1,1
1,0
0,0
0,0
0,0
1,0
1,0
0,0
1,0
1,0
0,0
0,0
1,0
1,0
0,0
0,0
1,0
0,0
1,0
1,0
0,1
0,0
0,0
0,0
1,1
0,0
1,0
0,1
0,0
1,1
0,0
1,0
0,0
0,0
1,1
0,1
1,1
1,1
1,0
0,0
0,0
0,0
0,0
1,1
1,1
0,0
1,0
1,0
1,1
0,0
0,0
0,1
1,1
1,0
1,0
1,0
1,1
0,0
1,0
1,0
1,0
1,0
1,1
0,0
0,1
0,1
1,0
1,1
0,0
0,1
1,1
1,1
1,1
1,1
1,1
1,0
0,0
1,1
0,0
0,0
1,0
0,0
1,1
0,1
0,0
0,0
0,0
1,1
0,0
1,0
0,0
1,0
1,1
0,0
0,1
1,1
0,0
0,1
0,1
0,1
0,1
0,0
1,0
1,1
1,0
1,0
0,0
1,0
0,0
0,0
0,1
0,0
0,0
0,0
0,0
0,0
1,0
0,0
0,0
0,0
0,0
0,0
0,0
1,0
0,0
0,0
1,0
0,0
0,0
1,0
1,1
0,0
0,0
0,0
0,0
0,0
0,0
0,0
0,0
0,1
0,0
0,1
0,0
0,0
0,1
0,0
0,0
0,0
0,0
1,1
0,0
0,0
1,0
0,1
1,0
0,1
0,0
1,0
0,0
0,0
1,1
1,0
0,1
1,0
1,0
1,0
1,0
1,0
0,1
1,0
0,0
1,1
1,0
1,1
0,1
0,1
1,1
1,0
0,0
1,1
1,0
0,0
0,0
0,0
1,1
0,1
1,1
0,0
1,1
1,1
1,1
1,0
1,1
1,0
1,1
1,1
1,1
1,1
1,0
1,1
1,0
1,0
1,0
1,0
0,1
0,0
1,0
0,0
1,1
0,1
0,0
0,0
0,0
0,0
1,0
0,0
0,0
0,1
0,0
0,0
0,0
0,0
1,0
0,1
1,0
1,0
0,1
1,1
0,0
0,0
0,0
0,0
0,0
0,0
1,0
0,0
1,0
0,0
0,0
0,0
0,0
0,0
0,1
0,0
0,1
0,0
0,1
1,0
0,0
0,0
0,0
0,0
0,0
0,0
0,0
1,0
0,0
0,0
0,0
1,0
0,0
0,0
1,0
0,0
1,0
1,0
0,0
0,0
1,0
0,0
0,0
0,0
1,0
0,0
0,0
0,0
0,0
0,0
0,0
0,1
0,0
0,0
0,0
0,0
1,0
0,0
0,0
0,0
1,0
0,0
1,1
0,0
0,0
0,0
0,0
0,0
1,1
0,0
0,0
0,0
1,1
1,0
0,0
1,1
0,0
1,0
0,0
0,0
0,0
0,0
0,0
1,1
0,0
0,0
0,0
0,0
0,0
0,0
0,0
1,1
1,0
0,0
1,0
1,1
1,1
1,0
1,0
1,1
0,0
0,0
1,0
1,0
1,1
0,0
0,0
1,0
0,1
0,0
0,0
0,0
0,0
0,0
0,1
0,1
0,1
1,0
0,1
0,0
1,0
0,0
1,0
1,0
1,0
0,0
0,0
0,0
1,1
1,0
0,0
0,0
0,0
0,0
0,0
1,1
1,1
0,0
0,0
0,0
1,0
1,1
0,0
0,0
1,1
1,0
0,0
0,0
0,0
1,1
0,1
1,0
0,1
1,0
0,0
1,1
0,0
1,0
1,0
0,0
1,0
0,0
1,0
0,1
0,0
0,0
1,0
0,0
0,0
0,1
0,0
0,0
0,0
0,0
0,0
1,0
0,0
0,0
1,1
0,0
1,0
0,0
1,0
0,0
0,0
0,0
1,1
0,0
1,0
0,0
1,0
1,0
1,0
1,0
0,0
1,0
1,0
0,0
0,0
1,0
1,0
0,0
0,0
1,0
1,0
0,0
1,0
0,0
0,0
0,0
0,0
1,0
1,0
0,1
0,0
0,0
1,1
0,0
1,1
1,0
1,0
0,0
0,0
0,0
1,1
1,0
1,0
1,0
1,1
1,0
0,0
0,0
1,0
0,0
0,0
0,0
0,0
0,0
0,0
0,0
0,0
0,0
1,0
0,0
0,0
0,0
1,0
1,1
0,0
0,0
0,0
0,0
1,0
0,0
0,1
0,0
0,0
0,0
0,0
0,0
0,0
0,0
0,0
0,0
0,0
0,0
0,0
0,0
1,0
0,0
0,0
0,0
1,1
0,0
0,1
1,0
0,0
1,0
0,1
1,1
0,1
1,0
0,0
1,0
1,0
1,0
0,0
1,0
0,0
1,0
1,0
0,0
0,0
1,0
1,0
0,0
0,0
0,0
1,0
0,0
1,1
1,0
0,0
1,0
1,0
1,0
0,0
1,1
0,0
1,1
0,0
1,1
0,0
0,0
0,0
0,1
1,1
1,0
1,0
0,0
0,0
1,0
1,0
0,0
1,0
1,0
0,0
1,1
0,0
1,1
0,0
1,0
0,0
0,0
0,0
0,0
1,0
0,0
0,0
0,0
0,0
0,0
0,0
1,0
0,0
1,0
1,0
0,0
0,0
0,0
1,0
0,0
0,0
0,0
0,0
0,0
1,0
0,0
1,0
0,0
1,0
0,0
1,0
1,0
1,1
0,1
0,0
0,0
0,0
1,0
1,1
1,0
0,0
1,0
1,0
1,0
0,0
0,0
0,0
0,1
1,1
1,1
0,0
0,0
1,1
0,0
1,1
0,0
1,0
1,1
1,1
0,0
0,0
1,0
1,0
0,0
0,0
0,0
0,0
1,0
0,0
1,0
0,0
0,0
0,0
1,0
0,0
0,0
0,0
1,0
1,1
0,0
0,0
0,1
1,0
0,0
0,0
1,1
0,0
1,0
0,0
0,1
0,0
1,0
0,1
1,0
0,0
0,0
0,1
1,1
1,0
0,0
1,1
0,0
0,0
0,0
0,0
0,1
1,0
0,0
0,0
1,0
1,0
0,0
0,0
1,0
0,1
0,0
1,0
0,0
0,0
1,1
1,0
0,0
0,0
1,0
1,1
0,0
1,0
0,1
0,0
0,0
0,1
1,0
0,1
0,1
0,0
1,1
1,1
0,1
1,1
1,1
1,1
1,0
1,0
1,0
0,0
0,1
1,0
1,1
1,0
0,0
1,0
1,0
0,0
1,1
0,1
0,0
0,0
0,1
1,1
1,0
0,0
1,0
0,0
0,1
0,0
0,0
0,0
0,1
1,0
1,0
0,0
1,1
1,1
1,1
0,0
0,0
0,0
1,0
1,0
0,0
1,1
0,0
0,1
1,0
0,0
0,0
1,0
1,0
0,1
0,0
0,0
0,0
0,0
1,1
1,0
0,1
1,1
1,1
0,0
0,0
1,0
1,1
1,0
1,0
0,0
0,0
0,0
1,0
0,0
0,0
0,0
0,0
0,1
0,0
1,0
1,0
1,1
1,0
1,0
0,0
0,0
0,0
0,0
0,1
1,1
1,1
0,0
0,1
1,1
0,1
0,0
1,1
1,1
0,0
1,1
0,1
0,1
1,0
1,1
1,1
1,1
1,1
0,1
1,1
1,1
1,1
1,0
1,1
0,1
0,1
0,0
1,1
0,1
1,1
1,0
1,0
0,0
0,0
0,0
1,0
0,1
1,0
1,0
0,0
1,0
1,0
0,0
0,0
0,0
0,0
0,1
1,1
1,0
0,0
1,1
1,1
1,1
1,0
1,1
1,1
0,0
1,1
0,0
1,0
1,0
1,0
1,0
0,0
1,0
1,1
0,1
1,1
0,1
1,0
1,1
0,0
1,0
1,0
1,0
1,0
0,0
1,0
1,0
0,0
1,1
0,0
1,1
1,0
1,0
0,1
1,1
1,0
1,1
0,0
0,0
1,1
1,0
1,0
0,0
0,0
1,1
1,0
0,0
1,0
0,0
1,0
0,0
0,0
1,0
0,0
0,0
1,0
0,0
0,0
0,1
1,0
1,0
1,1
0,1
0,0
0,1
0,0
0,0
1,1
0,0
1,0
0,1
0,0
1,1
0,0
0,0
1,0
1,0
0,0
0,0
0,1
0,0
0,0
0,0
0,0
0,0
1,1
0,1
1,1
1,0
1,0
0,0
0,0
0,1
1,0
1,0
0,0
1,1
0,0
0,0
0,0
0,0
0,1
1,0
1,0
1,0
1,0
0,0
1,0
0,0
0,0
0,1
0,0
1,0
0,0
0,0
0,0
0,1
0,0
0,0
1,0
0,0
0,0
0,0
0,0
0,0
0,0
1,0
0,0
1,0
0,0
1,0
0,0
1,0
1,0
0,0
1,0
0,0
0,0
0,1
0,0
0,0
0,0
0,0
1,0
1,1
1,1
0,1
0,0
0,0
0,0
0,0
0,0
1,0
1,0
0,0
0,1
0,0
0,0
0,0
1,0
1,0
0,0
0,0
0,0
1,0
0,0
0,0
0,0
0,0
0,0
0,0
0,0
0,1
1,0
0,0
1,0
0,0
0,0
0,0
0,0
0,0
1,1
0,0
0,1
0,0
0,0
1,1
0,1
0,0
0,0
0,0
0,0
1,0
1,0
0,0
1,0
0,0
1,0
0,0
0,0
1,0
0,0
1,0
0,0
0,0
0,0
0,0
0,0
0,0
0,0
1,0
1,0
1,0
0,0
1,0
0,0
0,0
1,0
0,0
0,0
0,0
0,1
0,0
0,0
1,0
1,0
0,1
0,0
1,1
0,0
0,0
0,0
1,0
0,0
0,0
0,0
1,1
0,0
0,0
0,1
0,1
1,0
0,0
1,1
1,0
0,0
1,1
1,0
1,0
0,0
0,0
0,0
0,0
0,0
0,0
0,0
0,1
1,1
1,0
0,1
1,0
0,0
0,0
0,1
0,0
0,0
0,0
0,1
1,0
1,1
1,0
0,0
0,0
1,1
1,0
0,0
1,1
0,0
0,0
1,1
1,1
1,0
1,0
0,0
1,0
0,0
0,1
1,0
0,0
0,0
0,0
1,0
0,1
0,0
0,1
1,0
0,0
0,1
1,0
0,0
0,0
0,0
0,1
0,0
0,0
0,0
0,0
0,0
0,1
0,0
1,1
0,0
0,0
1,0
1,1
1,0
0,0
0,0
1,0
0,0
0,0
0,0
1,1
1,0
0,0
0,0
0,0
0,0
1,0
0,0
1,0
0,0
1,0
0,0
1,1
1,1
1,1
0,0
0,0
1,0
1,0
0,0
0,0
0,0
1,0
0,1
0,0
1,0
1,0
0,0
1,0
0,1
0,0
1,1
1,0
0,1
1,0
1,1
1,0
1,0
0,1
1,1
1,0
0,0
0,0
0,0
1,1
1,1
1,0
1,1
0,0
0,0
1,0
1,0
1,0
0,0
1,0
0,0
0,0
1,1
1,0
1,0
0,0
0,0
0,0
0,1
1,1
0,1
0,0
0,0
0,0
0,0
0,0
0,0
1,0
0,0
1,0
1,0
0,0
1,1
0,0
1,0
1,1
1,0
1,0
1,0
0,0
0,0
0,1
0,1
0,0
1,1
1,0
1,1
0,0
0,1
0,0
0,0
0,1
1,0
1,0
0,0
0,1
0,0
0,0
0,1
0,0
0,0
1,1
1,1
0,0
1,0
0,0
1,0
1,0
0,1
1,0
0,0
0,0
1,1
0,0
0,0
1,0
0,1
1,0
1,1
0,0
0,0
0,0
1,0
1,1
1,0
1,1
0,1
1,0
0,1
0,0
0,0
0,0
0,1
0,0
0,0
1,0
1,1
1,0
1,1
1,0
1,1
0,0
1,0
0,0
0,0
1,0
0,0
1,1
1,0
0,0
1,0
0,0
1,0
1,1
0,0
0,0
0,0
1,1
1,0
1,0
0,0
0,0
1,1
0,0
0,1
1,0
0,0
1,1
0,0
1,0
1,0
1,1
1,0
0,1
0,0
0,1
0,0
1,0
1,0
1,0
1,0
1,0
1,0
0,0
0,0
0,0
1,0
1,0
0,0
1,1
1,0
1,0
1,1
0,1
1,0
0,0
1,0
1,0
1,1
0,0
1,0
0,0
1,1
1,0
0,0
1,0
1,0
0,0
1,1
0,0
0,0
1,1
0,1
1,0
0,0
0,0
1,0
1,0
0,0
0,0
0,0
0,0
0,0
1,0
1,0
1,1
1,0
1,0
0,0
0,0
0,1
1,0
1,0
0,0
0,0
0,0
1,1
1,1
1,0
0,0
0,1
0,0
0,0
0,0
0,1
0,0
1,1
0,0
0,1
1,0
0,0
1,0
1,0
0,1
1,1
0,0
1,0
1,0
0,0
0,0
0,0
0,0
0,0
0,0
0,0
1,0
1,1
1,1
1,1
0,1
0,0
1,1
1,1
0,0
1,0
0,0
0,1
1,0
0,0
0,0
0,1
1,0
1,1
1,0
1,0
0,0
0,0
0,1
0,0
0,0
0,0
1,1
1,0
0,0
0,0
0,0
0,1
0,0
1,1
1,0
1,1
0,0
0,0
1,0
1,0
0,0
0,0
0,0
0,1
0,0
0,0
1,0
0,0
0,0
0,1
1,1
0,1
0,1
0,0
1,1
0,0
0,0
0,0
0,0
0,0
0,1
1,1
0,1
1,0
1,0
0,0
1,0
1,1
0,0
1,0
0,0
1,0
1,0
1,0
1,0
1,1
0,0
0,0
1,0
1,0
1,1
1,0
1,0
1,0
1,0
0,0
0,1
0,1
0,1
0,1
0,1
0,1
0,1
0,0
0,0
1,1
1,1
1,1
1,1
0,0
1,1
0,1
1,1
1,1
0,0
1,1
1,0
1,0
1,0
0,1
0,0
1,1
1,0
0,0
0,0
0,0
1,0
0,0
0,0
0,1
0,0
0,1
1,1
1,1
0,0
0,0
1,0
1,1
1,1
0,1
1,0
1,1
0,0
0,0
0,0
1,0
0,0
0,0
1,1
1,1
1,0
0,0
0,0
0,0
0,0
0,0
0,0
1,1
0,0
0,1
1,1
1,0
0,0
0,0
0,1
1,1
1,0
1,0
0,1
0,0
0,1
0,0
0,0
0,1
0,1
0,0
0,0
0,0
1,1
0,0
0,0
0,0
0,0
1,0
0,0
1,0
0,0
1,0
0,0
1,1
1,0
0,0
0,1
1,0
0,0
0,0
0,0
0,0
0,0
0,0
0,0
1,0
1,0
1,0
0,0
1,1
0,1
0,0
0,0
1,0
1,1
0,0
0,0
1,0
0,0
1,0
0,0
1,0
0,0
0,0
1,0
0,1
1,0
0,0
0,0
1,0
0,0
1,1
1,0
0,0
0,1
0,0
0,0
1,1
1,0
0,0
0,0
0,0
1,0
1,0
1,0
1,0
0,0
0,1
0,0
0,1
1,0
0,0
0,0
1,1
1,1
0,0
1,1
1,0
1,1
0,0
0,0
0,0
0,0
0,1
0,0
0,1
0,0
0,0
0,0
0,1
0,0
0,0
1,0
0,1
1,1
0,0
0,0
0,1
1,0
0,1
1,0
0,0
1,0
1,1
0,0
0,0
0,0
0,0
0,0
0,0
1,0
0,0
1,0
1,0
0,1
0,0
0,1
0,0
0,0
0,0
1,0
0,0
1,0
0,0
0,0
0,0
0,1
1,0
1,1
0,0
0,0
0,0
0,0
1,0
0,0
1,1
0,0
0,0
0,0
0,0
0,0
0,0
1,0
0,0
0,0
0,1
0,0
1,1
0,1
1,0
1,1
1,1
0,0
0,0
0,0
0,0
0,0
0,0
0,0
0,0
0,0
0,0
0,0
0,0
1,1
0,1
1,0
0,0
0,0
0,0
0,0
0,0
0,0
1,1
0,0
1,0
1,1
1,1
0,0
0,0
0,0
0,0
0,0
0,1
0,0
0,0
1,0
0,1
0,0
0,0
0,0
0,0
0,0
0,1
0,0
0,0
0,0
0,0
0,0
0,1
0,0
0,0
0,0
0,0
0,0
0,0
0,0
0,1
0,0
0,0
0,0
0,0
0,0
0,0
0,1
0,1
0,0
0,0
0,1
0,0
0,1
1,1
0,1
0,0
0,0
0,1
1,0
0,0
1,0
0,1
0,0
1,1
0,1
0,0
1,0
0,0
1,0
0,0
1,1
1,1
0,1
1,1
0,1
0,1
0,1
0,0
0,0
1,1
1,0
1,0
1,1
1,0
0,0
0,0
1,0
0,0
1,1
0,0
1,0
0,0
0,0
0,1
0,0
0,0
0,1
0,1
0,0
0,0
0,0
1,0
0,0
0,0
1,1
1,0
0,0
0,0
1,0
1,1
1,1
0,0
0,1
0,0
0,1
1,0
0,0
0,0
0,1
0,0
0,1
0,0
1,0
0,0
1,0
1,0
0,0
0,1
1,1
1,1
0,0
0,0
0,0
1,0
1,0
0,0
0,0
1,0
0,0
0,0
0,0
0,1
1,1
1,1
0,0
1,0
1,0
1,1
0,1
1,1
1,1
0,0
0,0
0,1
0,0
1,0
0,0
1,0
0,1
1,0
1,1
1,1
1,0
1,0
1,1
1,0
1,0
1,0
0,0
1,0
0,0
1,1
1,0
1,0
0,0
1,0
1,0
0,0
1,0
0,0
0,0
0,0
0,0
0,0
1,0
0,1
1,0
0,0
0,1
1,0
1,0
1,0
1,0
0,0
1,0
0,0
0,0
0,0
0,0
0,0
0,0
0,0
0,0
1,0
1,0
1,0
0,0
1,1
0,0
1,1
0,1
0,0
0,0
0,0
1,0
1,0
0,0
0,0
1,0
0,0
1,1
1,1
1,1
1,1
0,0
0,0
0,0
1,0
0,1
1,0
1,0
0,0
0,0
0,0
0,0
1,0
0,0
0,1
1,0
1,0
0,0
1,0
1,1
1,0
0,0
0,0
1,0
0,1
0,0
0,0
0,0
0,0
0,0
0,0
0,0
0,0
0,0
0,0
0,1
0,0
0,0
1,0
0,0
0,0
1,1
0,0
1,0
0,0
0,0
0,0
0,1
0,0
1,0
0,0
0,0
0,0
0,0
1,1
1,0
0,0
1,0
0,0
0,0
0,0
0,0
0,0
1,0
1,0
1,0
1,0
0,1
1,0
1,0
0,1
1,0
0,1
1,1
0,0
0,0
0,0
0,0
1,0
1,1
0,0
1,0
0,1
1,0
1,0
0,0
0,0
1,0
0,0
0,1
1,1
0,0
0,0
0,0
0,0
0,0
0,0
0,0
0,0
1,0
1,0
0,0
0,0
0,0
0,0
1,0
0,1
0,0
1,1
1,1
1,1
0,0
1,0
1,0
1,0
0,0
0,0
0,0
0,0
0,0
0,0
0,0
1,0
0,0
0,0
0,0
0,0
0,0
0,0
0,0
0,0
0,0
0,0
0,0
0,0
1,0
0,0
0,0
1,0
0,0
0,0
0,0
0,0
1,1
0,0
0,0
0,0
0,0
0,1
1,1
0,0
1,0
1,0
0,1
0,0
1,1
1,1
1,0
1,1
0,0
0,0
0,0
0,0
1,1
0,0
0,1
1,1
1,0
0,0
1,0
1,0
0,0
0,1
0,0
0,0
0,0
1,0
0,0
0,0
0,0
0,0
0,0
1,0
1,0
0,0
1,0
0,1
0,0
0,0
0,0
1,0
1,0
0,0
1,1
0,0
1,1
0,0
1,0
1,0
0,0
0,0
1,0
1,0
1,0
1,0
1,0
1,0
1,0
0,0
0,0
0,0
0,0
1,0
1,0
1,0
0,0
1,0
1,0
0,0
1,1
1,0
1,1
1,0
1,1
0,0
1,1
0,0
0,0
0,0
0,1
0,0
1,0
0,0
0,0
0,1
0,0
0,0
0,0
1,1
1,0
0,1
0,0
0,0
0,0
0,0
1,1
1,0
0,0
0,0
0,1
1,0
1,0
1,0
0,0
0,0
0,0
1,1
0,1
1,0
0,0
0,0
0,0
1,0
0,0
1,1
0,0
0,0
1,0
0,0
0,0
0,1
0,0
0,0
1,0
0,0
0,0
1,0
0,0
0,1
0,0
0,0
1,0
1,0
0,0
1,1
0,1
0,0
1,1
1,0
0,0
0,0
0,0
1,0
0,0
1,0
0,0
0,1
0,0
1,1
0,0
1,0
0,0
0,0
1,0
1,0
0,0
1,0
0,0
1,0
1,0
1,1
0,0
1,0
0,0
0,0
1,0
1,0
1,1
1,0
0,1
1,0
0,0
1,0
0,0
1,1
0,1
0,0
0,0
0,0
0,0
0,0
1,0
0,0
0,1
1,1
0,1
1,0
1,0
0,0
1,0
0,0
1,0
1,0
0,0
1,0
0,0
1,0
1,1
0,0
0,0
0,0
1,0
1,0
0,1
1,0
0,0
1,0
1,0
0,1
0,0
0,0
1,0
1,0
0,0
0,0
1,1
1,0
0,0
1,0
0,0
0,0
1,1
1,0
0,0
1,1
1,0
1,0
1,0
0,0
1,0
1,0
1,0
1,0
0,0
0,0
1,0
0,0
1,0
0,0
0,0
0,0
0,1
0,0
1,1
0,0
0,0
0,0
1,1
0,0
0,0
0,0
1,1
1,0
1,0
0,0
0,0
0,0
0,0
0,0
1,0
0,0
0,0
1,0
0,0
1,0
1,0
0,0
0,0
1,0
1,1
0,0
0,0
1,1
1,0
1,0
1,0
0,0
0,0
1,1
1,0
1,0
1,0
1,0
0,0
1,0
0,0
0,0
0,0
1,1
0,1
0,0
0,0
0,0
0,0
1,1
1,1
0,0
0,0
0,0
0,0
1,0
0,0
1,0
0,0
1,0
1,0
1,0
0,1
1,0
0,1
1,0
0,1
0,1
0,0
0,0
1,0
1,1
1,0
0,0
0,0
1,0
0,0
0,0
0,0
1,0
0,0
1,0
1,0
1,1
0,0
1,0
1,0
1,1
0,0
1,0
0,0
0,0
0,0
0,0
1,1
0,0
0,0
0,0
0,0
0,0
0,0
1,0
1,1
0,1
1,0
0,0
0,0
0,0
0,0
1,1
1,0
1,0
1,0
0,0
1,1
0,1
1,0
1,0
0,1
0,0
0,1
1,0
0,0
0,0
1,0
1,0
1,0
0,0
0,0
1,1
1,1
0,0
0,0
0,0
0,1
0,0
0,0
1,0
0,0
0,1
1,0
1,0
0,0
1,0
0,0
0,0
0,1
0,0
0,0
0,0
0,0
1,0
0,0
1,0
0,0
0,0
0,0
1,1
0,0
0,0
1,0
0,0
0,0
1,1
0,0
1,1
1,1
0,1
1,0
1,0
0,0
1,0
1,1
0,0
1,0
1,0
0,0
0,0
0,0
0,0
0,0
0,0
0,0
1,1
0,0
1,1
0,0
1,1
0,0
1,0
0,0
1,1
1,1
1,1
0,0
1,1
0,0
0,0
0,1
1,1
0,0
1,0
1,1
0,0
1,0
0,0
0,1
0,0
0,0
0,0
0,0
1,0
1,0
0,0
1,0
0,0
1,1
1,0
1,1
1,0
1,1
1,0
1,0
0,0
1,1
0,0
1,0
1,1
0,0
1,0
1,1
1,0
1,1
0,0
0,0
0,0
1,0
0,1
1,0
1,0
1,1
1,0
1,1
1,1
1,0
1,0
1,0
1,0
1,0
1,0
0,0
1,0
0,0
0,0
1,1
0,0
0,0
0,0
1,0
0,0
0,0
1,0
0,0
1,0
1,0
0,0
0,0
1,0
0,0
0,0
1,0
1,1
1,1
1,1
1,1
0,0
0,0
1,1
1,1
0,0
0,1
0,0
1,0
1,0
0,0
1,0
0,0
1,0
1,1
1,0
0,0
0,0
0,0
0,0
1,0
0,0
0,0
1,0
1,0
0,0
0,0
1,0
1,0
0,0
1,0
1,0
1,0
1,1
0,0
1,0
0,0
0,0
0,0
1,1
0,0
1,0
1,0
0,0
1,1
1,0
1,1
0,1
1,0
1,0
1,0
1,0
0,0
1,0
0,0
0,0
0,0
1,0
0,1
1,0
0,1
1,1
0,0
0,1
1,1
1,0
1,0
0,0
0,1
0,0
0,0
1,0
1,1
1,0
0,1
0,0
0,0
1,0
1,0
0,0
1,0
0,1
1,1
1,0
1,0
0,0
0,0
1,0
0,0
0,0
1,1
0,0
0,0
1,0
0,0
0,0
0,0
0,0
1,0
1,0
1,1
0,0
0,0
0,0
1,0
1,1
0,0
1,0
1,1
1,1
1,0
0,0
1,1
0,0
0,0
0,0
0,0
0,0
0,0
0,1
1,1
1,0
1,1
1,0
0,0
0,0
1,0
0,0
1,0
0,0
1,0
1,0
0,1
1,1
1,1
0,1
0,0
0,0
1,0
0,0
1,0
0,0
0,0
0,0
1,1
0,0
0,0
1,0
1,0
0,1
0,0
0,0
1,1
0,0
0,0
1,1
0,0
0,0
1,0
1,0
0,0
0,0
0,0
0,0
0,0
1,0
0,0
1,1
1,0
0,1
0,0
0,0
1,0
0,0
0,0
1,0
1,1
0,0
1,0
1,0
1,0
1,0
1,0
0,0
0,1
0,0
0,0
0,0
0,0
0,0
0,0
0,0
0,0
0,0
0,1
0,0
1,0
0,1
1,0
0,0
0,0
0,0
0,0
1,0
0,0
0,0
0,1
0,0
1,0
0,1
1,1
0,0
1,0
0,0
1,0
0,0
1,0
0,0
0,0
0,0
0,0
0,0
0,0
1,0
0,0
1,0
0,0
0,0
0,0
0,0
0,0
0,0
1,0
0,0
1,0
1,0
1,0
0,0
0,1
1,0
0,0
0,1
0,0
0,0
0,0
0,0
0,0
1,0
1,0
0,0
1,0
1,0
1,0
0,0
1,0
0,0
0,1
0,1
0,0
0,0
1,0
0,0
0,0
1,0
0,0
0,0
0,0
1,0
0,0
0,0
1,0
1,0
0,0
0,0
0,0
0,0
0,0
0,0
0,0
0,0
1,0
0,0
0,0
0,0
1,0
0,0
0,1
0,0
0,0
1,0
0,0
0,0
0,0
0,0
0,0
0,1
1,1
1,0
0,0
1,0
0,0
0,0
1,1
0,0
1,0
0,0
1,0
1,0
0,0
0,0
0,0
0,0
0,0
0,0
1,0
1,0
0,0
1,0
0,0
0,0
0,0
0,0
0,0
0,0
1,1
1,0
0,0
1,0
1,0
1,0
0,0
1,0
1,1
1,0
1,0
0,0
1,0
0,0
0,0
1,0
0,0
0,1
0,0
0,0
0,0
0,0
1,0
0,0
0,0
1,1
0,0
1,0
0,0
0,0
0,0
0,0
1,0
1,0
0,0
0,0
0,0
0,0
1,1
1,0
1,0
1,1
1,0
0,1
0,0
1,0
0,0
1,0
1,1
1,0
0,0
1,0
0,0
1,0
0,0
0,0
1,0
0,0
0,0
0,1
0,0
0,0
1,0
1,1
1,1
1,0
0,0
0,0
0,0
1,1
0,0
0,1
0,0
0,1
1,0
0,0
1,0
0,0
1,1
1,1
1,0
1,1
1,1
1,1
0,0
1,1
0,0
0,0
1,0
0,0
1,0
1,0
1,1
1,1
0,0
0,0
0,0
0,0
1,0
0,0
1,0
1,0
0,0
1,0
0,0
1,0
0,0
1,1
0,0
0,0
0,0
1,0
1,0
0,0
0,0
0,0
1,0
1,0
1,0
0,0
0,0
0,0
0,0
0,0
0,1
0,0
0,0
0,0
0,0
0,0
0,1
0,1
0,0
0,1
0,0
1,0
0,0
0,1
1,0
1,1
0,0
0,0
1,0
1,0
0,0
0,0
1,0
1,0
1,0
0,0
1,0
0,0
0,0
1,0
0,0
0,0
0,0
0,0
1,0
0,0
0,0
0,1
1,0
0,0
0,0
0,0
1,1
1,0
0,0
0,0
1,0
1,0
1,0
1,0
0,0
0,0
0,0
0,0
0,0
0,0
0,0
0,0
0,1
1,1
0,0
0,0
0,0
1,0
0,0
1,0
0,0
0,0
1,0
0,0
0,0
0,0
0,0
0,0
0,0
0,0
0,0
0,0
0,0
1,0
0,0
0,0
0,0
0,0
1,0
0,0
1,0
1,0
0,0
1,0
0,1
1,0
0,0
1,0
0,0
0,0
0,0
1,1
1,1
0,0
0,0
1,1
0,0
0,0
0,0
0,0
0,0
1,0
0,0
0,0
0,0
0,0
0,0
1,0
0,0
0,0
0,0
1,0
0,0
0,0
0,0
0,1
1,0
1,1
1,0
1,0
1,0
0,0
0,0
1,0
0,0
1,0
0,1
0,0
0,0
0,0
0,0
1,0
1,0
0,0
0,0
1,1
0,0
0,0
0,0
0,0
1,1
0,0
0,0
0,1
0,0
1,0
0,0
1,0
0,0
0,0
0,0
1,0
0,0
0,0
0,0
1,0
0,0
0,0
1,0
1,0
1,0
0,0
1,0
0,0
0,0
0,0
0,0
0,0
0,0
0,0
0,0
0,0
0,0
0,0
0,0
0,0
0,0
0,0
0,0
0,0
0,0
0,0
0,0
0,0
0,0
0,0
0,0
0,0
0,0
1,0
1,0
0,0
1,0
0,0
1,0
1,0
0,0
0,0
1,0
0,1
1,1
1,1
0,0
1,0
1,1
0,0
0,0
1,1
0,0
1,0
1,0
0,1
1,0
1,0
1,0
1,0
1,0
0,0
1,0
0,0
0,1
0,0
1,0
0,0
1,0
0,1
0,0
0,0
0,0
0,0
0,0
0,0
0,0
0,0
0,0
1,0
0,0
1,0
1,0
0,0
0,0
0,0
0,0
0,0
0,0
0,0
0,0
1,1
1,0
0,0
0,0
0,0
0,0
1,0
1,0
0,0
0,0
0,0
0,0
0,0
0,0
0,0
0,0
0,0
1,1
1,1
0,0
0,0
0,0
1,0
0,0
1,0
1,0
1,1
0,1
1,1
0,0
1,1
1,0
0,0
1,0
0,0
0,0
0,0
1,0
0,0
0,0
0,0
0,0
0,0
0,0
1,0
0,0
1,0
1,0
0,0
0,0
1,0
0,1
0,0
0,0
0,1
0,0
0,0
0,0
1,0
1,0
1,1
0,0
0,0
0,0
0,0
1,0
0,0
1,0
1,0
1,1
0,1
1,0
1,0
0,0
0,0
0,0
0,0
0,0
0,0
1,0
0,0
0,0
0,0
0,0
0,1
0,0
0,0
0,0
0,0
0,0
0,0
0,0
1,0
1,0
0,0
0,1
0,0
1,1
1,0
0,0
0,0
0,0
0,1
0,0
1,0
0,0
1,0
1,0
1,0
1,1
0,0
1,0
0,0
0,0
0,0
0,0
1,0
1,0
0,0
0,0
1,1
0,0
1,0
0,0
0,0
1,0
1,1
0,0
0,0
0,0
0,1
1,0
0,0
1,0
0,0
1,0
0,1
0,0
1,0
0,0
0,0
0,0
0,0
0,0
0,0
0,0
1,1
0,0
0,0
1,0
0,0
0,0
1,0
1,0
0,0
0,0
0,0
0,0
0,0
1,0
1,0
1,1
0,0
0,0
0,0
0,0
1,1
0,0
1,1
0,0
0,0
0,0
1,0
1,1
0,0
1,0
0,0
0,0
0,0
1,1
1,0
0,0
1,0
0,0
0,0
0,0
1,0
0,0
0,0
0,0
1,1
0,0
0,0
1,0
0,0
1,0
1,1
1,0
0,0
0,0
0,0
0,0
0,0
0,0
1,0
0,0
0,0
0,0
1,0
1,0
1,0
0,0
0,0
0,0
0,0
1,0
1,0
1,0
0,1
0,0
1,0
0,0
0,0
0,0
0,0
0,1
0,0
1,0
1,0
1,0
1,0
0,0
1,0
1,1
1,0
1,0
1,1
0,0
0,0
0,0
0,0
0,0
0,0
0,0
0,0
1,1
1,1
1,1
0,1
1,1
1,0
1,0
0,0
1,1
0,1
1,1
0,1
1,0
1,0
1,0
1,1
0,0
0,0
1,0
0,0
0,0
0,0
1,0
1,0
0,0
0,0
0,0
1,1
0,0
0,0
1,0
0,0
1,0
1,0
1,0
0,1
0,0
0,0
1,0
1,1
0,0
1,0
0,0
1,0
0,0
1,1
1,0
0,0
1,1
0,0
1,1
1,0
1,0
0,0
1,0
1,0
0,0
1,1
1,0
0,0
0,0
0,0
0,0
1,1
0,0
0,0
0,0
1,0
0,0
1,0
1,1
0,0
0,0
1,0
0,0
0,1
0,0
1,0
0,0
1,0
0,0
1,0
0,0
0,0
0,0
1,0
0,0
0,0
1,1
0,0
0,0
1,0
0,0
0,0
1,1
0,0
0,1
1,0
1,0
0,0
0,0
1,0
1,0
1,0
0,1
1,0
1,0
1,0
1,0
1,1
1,1
0,0
1,1
1,0
1,0
0,1
0,0
0,0
1,1
0,0
1,1
1,1
0,1
1,1
1,0
1,1
0,0
1,1
0,0
1,0
1,1
0,0
1,1
1,0
1,1
0,0
1,0
0,0
0,0
1,0
1,0
1,0
1,1
0,0
1,1
0,0
0,0
1,1
0,0
0,0
0,1
0,0
0,0
0,0
0,0
0,0
0,0
0,0
0,0
0,0
1,1
1,0
0,0
0,1
0,0
1,1
0,0
1,0
0,0
1,1
1,1
1,1
0,0
1,0
1,0
0,0
1,0
0,0
1,0
0,0
1,0
1,1
1,0
1,1
0,0
1,0
0,0
1,0
1,1
0,0
1,1
1,0
1,0
0,0
0,0
0,0
1,0
0,0
0,0
0,0
0,0
0,0
0,0
1,1
1,1
0,0
0,1
0,1
0,0
0,0
1,1
1,1
1,0
0,0
1,0
1,0
1,1
0,0
0,1
1,0
1,0
0,1
1,0
1,0
1,1
1,0
0,0
1,1
1,0
0,1
0,0
0,1
1,0
1,1
0,0
0,0
1,1
1,1
0,0
1,1
0,0
1,0
1,0
1,0
0,0
1,0
0,0
1,1
0,0
1,0
0,0
0,0
0,0
1,0
1,1
0,0
0,0
1,0
0,0
0,0
0,0
0,0
0,0
0,0
0,0
0,0
1,1
0,1
1,1
0,1
1,1
0,1
1,0
1,0
0,0
1,0
0,0
0,0
1,1
1,1
0,0
0,0
0,1
0,0
0,0
1,0
1,1
0,1
0,0
1,0
1,1
1,1
0,0
1,0
0,0
0,0
0,0
1,0
0,0
1,1
1,0
0,0
0,0
0,1
1,1
1,0
1,0
1,0
0,1
1,1
1,0
0,0
1,1
0,0
1,0
0,0
0,1
0,0
0,1
0,1
0,1
0,1
1,0
0,0
1,0
0,0
1,1
0,0
0,0
0,1
0,0
0,1
1,0
1,1
1,1
1,1
0,1
1,0
1,1
1,0
1,1
1,0
1,1
1,1
0,0
1,1
0,0
1,0
1,0
0,0
0,0
0,0
1,1
1,1
1,1
1,1
0,0
0,0
0,0
1,1
0,0
0,1
0,0
0,1
0,0
1,0
0,0
1,1
0,0
0,0
1,0
1,0
0,1
0,0
1,1
1,0
1,1
1,0
1,0
0,0
0,1
1,0
1,0
0,1
0,0
0,1
0,0
1,0
1,1
0,0
1,0
0,0
1,0
1,1
1,0
1,1
1,0
0,1
1,0
0,0
0,0
1,1
0,0
0,0
0,0
0,0
1,0
0,0
0,0
0,0
0,0
0,0
0,0
1,0
0,0
1,0
1,0
0,1
0,0
1,0
0,0
0,0
0,1
0,0
0,0
1,0
0,1
0,0
1,0
0,0
0,0
0,0
0,0
0,1
0,0
1,1
0,0
1,1
1,0
0,0
1,0
0,0
0,0
1,0
1,0
0,0
1,0
0,0
0,0
0,1
0,0
1,0
0,0
1,0
0,0
1,1
1,1
1,1
0,0
1,0
0,1
0,0
0,0
1,1
0,0
0,0
1,1
1,0
1,1
0,0
0,0
1,0
1,0
0,0
1,0
0,0
0,0
1,0
0,0
0,0
0,1
0,0
0,0
0,0
0,0
1,0
0,0
0,0
1,1
0,0
0,1
0,1
1,1
0,1
1,1
1,0
1,0
0,0
1,0
0,0
0,0
0,1
0,1
1,0
0,0
1,0
0,0
0,0
0,0
0,0
1,1
1,0
1,1
0,0
0,0
1,0
0,0
0,0
1,1
1,0
1,0
1,0
1,0
0,1
1,1
1,1
0,0
0,0
0,0
0,0
0,0
1,0
0,0
0,0
0,1
0,1
1,0
0,0
1,0
1,0
0,0
0,0
0,1
1,0
0,0
0,0
0,0
1,0
1,1
1,1
0,0
1,0
0,0
0,1
1,0
1,0
1,0
0,0
1,1
0,0
0,0
0,0
1,0
0,0
0,0
0,0
1,1
0,0
0,0
1,1
1,0
0,1
1,0
1,0
1,0
1,1
0,0
1,1
1,1
1,1
0,0
0,1
0,0
1,0
0,0
0,0
0,0
1,1
1,0
1,1
1,0
1,1
1,1
1,1
0,0
1,1
1,0
0,1
0,1
0,0
0,0
0,1
1,0
0,0
0,0
1,0
0,0
0,0
1,0
0,1
1,0
1,1
1,1
1,1
1,1
0,0
0,0
1,0
1,1
0,1
1,0
1,0
0,0
1,1
1,1
0,0
0,0
0,0
0,0
0,0
0,0
0,0
0,0
0,0
0,0
1,0
0,0
0,0
1,0
0,0
0,0
0,0
0,1
0,0
0,1
0,0
1,1
0,1
0,0
0,0
0,0
0,0
1,1
1,0
0,0
1,0
0,0
1,1
0,0
0,0
0,0
0,0
0,0
0,0
0,1
1,0
0,0
0,0
1,1
0,0
0,0
1,0
0,0
0,0
1,0
0,0
0,0
0,0
1,0
0,1
0,0
1,1
0,1
0,0
1,1
0,0
0,0
0,0
0,0
0,0
0,0
1,1
1,1
0,1
0,0
0,0
0,0
1,0
0,0
1,0
0,0
0,0
1,0
1,0
0,0
1,1
1,1
0,0
0,0
1,0
0,1
0,0
0,0
0,0
0,0
0,0
0,0
0,0
0,0
0,0
0,0
0,0
0,0
0,0
1,0
1,0
0,0
0,0
0,0
0,0
1,0
1,0
1,0
0,0
0,0
0,1
1,0
0,0
0,1
1,0
1,1
0,1
0,1
1,1
0,0
0,0
1,1
0,0
1,0
0,0
0,0
0,0
0,1
0,0
0,0
1,0
0,0
1,0
1,0
0,0
0,0
1,0
0,0
0,0
1,0
0,0
0,0
0,0
0,0
1,1
0,0
0,1
0,0
0,0
0,0
0,0
0,0
0,0
0,0
0,0
0,0
0,0
0,0
0,0
0,0
1,0
1,0
0,0
0,0
0,0
0,0
1,0
0,0
1,0
0,0
0,0
1,0
0,0
0,0
1,0
0,0
0,0
0,0
0,0
0,0
0,0
0,1
0,0
0,0
1,0
0,0
0,0
0,1
0,0
1,0
0,0
0,0
0,0
0,0
0,0
1,0
0,0
1,0
0,0
1,0
0,0
1,0
0,0
1,0
0,0
0,0
1,1
0,0
1,0
0,0
0,0
0,0
0,0
0,1
1,0
0,0
0,0
0,0
0,0
1,1
0,0
0,0
0,0
0,0
0,0
0,0
0,0
0,0
0,0
0,0
0,0
0,0
0,0
0,0
0,0
1,0
0,0
0,0
0,0
0,0
0,0
0,0
1,0
0,0
0,0
0,0
0,0
0,1
0,0
0,0
0,0
0,0
0,0
0,0
0,0
1,0
0,0
0,0
1,0
0,0
0,0
0,0
0,0
0,0
0,0
0,0
0,0
0,1
0,0
0,0
0,0
0,0
0,0
0,0
0,0
0,0
0,0
0,0
0,0
0,0
0,0
0,0
0,0
0,0
0,0
0,0
0,0
1,0
1,0
0,0
0,0
0,0
0,0
0,0
0,0
0,0
0,0
0,0
0,0
0,0
1,0
1,0
1,0
0,0
0,0
0,0
0,0
0,0
1,1
1,0
1,0
0,0
0,0
0,0
0,0
1,0
0,0
0,0
0,1
0,0
0,0
1,1
1,0
0,0
0,0
0,0
1,0
1,0
1,1
1,0
0,0
0,0
1,0
1,1
1,0
0,1
0,0
0,0
0,0
0,0
0,0
0,0
1,0
0,0
0,0
0,0
1,0
0,1
1,0
1,0
0,0
0,0
1,0
1,0
1,0
1,1
1,0
1,1
0,0
1,0
1,0
0,0
0,0
0,0
1,1
1,0
0,1
0,0
0,1
1,0
0,1
0,0
1,0
0,0
1,1
0,0
0,0
0,0
1,0
0,0
1,0
1,0
1,0
0,0
0,0
0,1
0,0
1,0
0,0
1,0
1,0
0,0
1,0
1,0
1,0
0,0
1,0
0,0
1,0
0,0
1,1
1,0
0,0
0,0
1,1
0,0
1,0
1,0
1,0
1,0
0,0
0,0
0,0
0,0
1,0
1,0
1,0
1,0
1,0
0,0
1,0
0,1
0,0
0,0
1,0
1,0
0,0
0,0
0,0
0,0
0,0
0,0
1,1
0,0
0,0
0,0
0,0
0,0
0,0
1,0
1,0
1,0
0,0
1,0
0,0
0,0
1,0
1,0
0,0
1,0
1,1
1,0
0,0
0,0
1,0
0,0
0,0
1,0
1,0
1,0
0,0
0,0
0,1
0,0
0,0
1,1
0,0
0,0
0,0
0,0
0,0
0,0
1,0
1,1
0,0
0,0
1,1
0,0
1,1
1,1
0,0
0,0
0,0
1,0
1,0
1,0
0,1
0,1
0,0
0,1
0,0
0,0
0,0
0,0
0,0
1,0
1,0
0,0
0,0
0,0
1,0
0,0
0,0
1,0
0,0
0,0
0,0
0,0
1,0
0,1
0,0
0,0
0,0
0,0
1,1
1,0
0,0
1,1
1,0
1,0
0,0
0,1
0,0
0,0
0,0
1,0
1,0
0,0
1,1
1,1
0,0
1,0
0,0
0,0
0,0
0,1
1,1
1,0
1,0
0,0
0,0
0,0
0,0
0,1
0,1
0,0
0,0
0,0
0,0
0,0
0,0
1,0
1,0
1,1
1,0
1,0
0,0
1,0
0,1
0,0
1,0
1,1
0,1
0,0
1,1
1,1
0,0
0,0
1,0
0,0
0,0
0,0
0,0
0,0
0,0
0,0
0,0
0,0
1,0
0,0
0,0
1,0
0,0
1,0
0,0
1,0
0,0
1,1
0,0
1,0
0,0
0,0
0,0
0,0
0,0
1,0
0,0
1,1
0,0
0,0
0,1
1,0
1,0
0,1
1,1
0,0
1,0
1,0
0,0
1,0
1,0
1,1
0,0
0,0
1,0
1,0
1,0
0,0
1,0
0,0
0,0
1,0
0,0
0,0
0,0
0,0
1,0
0,0
1,0
1,1
0,0
1,0
0,0
0,0
0,0
0,0
0,0
0,0
0,0
0,0
0,0
0,0
0,0
0,0
0,0
0,0
0,0
0,0
0,0
1,0
0,0
0,0
0,0
0,0
0,0
0,0
0,0
0,0
0,0
0,0
0,0
0,0
0,0
0,0
0,0
0,0
0,0
0,0
0,1
0,0
0,0
0,0
0,0
0,0
0,0
0,0
1,0
0,0
0,0
1,0
0,0
0,0
0,0
0,0
0,0
0,0
1,0
1,0
0,0
0,0
0,0
1,0
0,0
0,1
0,0
0,0
0,0
0,1
0,0
0,0
0,0
0,0
1,0
1,0
0,0
1,0
0,0
0,0
0,0
0,0
0,0
1,1
1,0
0,0
0,0
0,0
0,0
1,0
1,1
0,0
0,0
1,0
1,0
0,0
0,0
1,0
0,0
0,0
0,0
0,0
0,1
0,0
1,1
1,0
1,0
1,0
1,0
0,0
0,0
1,0
0,0
0,0
0,1
0,1
1,0
0,0
1,1
0,0
0,0
1,0
1,1
1,0
1,0
0,0
0,0
0,0
0,1
0,0
0,0
1,0
0,0
0,0
0,0
0,0
0,0
1,0
0,0
0,0
0,0
0,0
0,0
0,0
0,0
0,0
1,0
0,0
0,0
1,1
0,0
1,0
1,1
0,0
0,0
0,0
0,1
0,0
0,0
0,1
0,0
0,1
1,1
1,0
1,0
0,1
0,0
1,0
0,0
0,1
1,0
0,0
0,0
1,0
1,0
0,1
1,0
1,0
0,0
0,0
0,0
0,0
0,0
0,0
0,0
0,0
0,0
0,0
1,0
1,0
0,0
0,1
0,0
0,0
1,1
0,0
0,1
0,0
0,0
0,0
0,0
0,0
0,0
0,0
0,1
0,0
1,0
0,0
0,0
0,0
1,0
0,0
0,0
0,0
0,1
0,0
0,0
0,0
0,0
0,0
0,0
0,0
0,1
0,0
1,0
0,0
0,0
1,0
0,0
0,0
0,0
0,0
0,0
0,0
0,0
0,0
0,0
0,0
0,0
0,0
0,0
0,0
0,0
0,1
0,0
0,0
0,0
0,0
0,0
0,1
0,0
1,0
0,0
0,0
0,0
0,0
0,0
0,0
1,0
0,0
1,0
1,1
0,0
0,0
1,0
0,1
0,0
0,0
0,0
0,0
0,1
0,0
0,0
0,0
0,0
0,0
0,1
0,1
1,1
0,0
1,1
0,0
0,0
0,0
1,0
0,0
0,0
0,0
0,0
0,0
0,0
0,0
0,0
1,0
0,1
1,0
1,0
1,1
0,0
0,0
0,0
0,0
1,0
1,1
0,0
0,0
1,0
0,0
0,0
0,0
0,1
0,0
0,0
0,1
0,0
1,0
1,0
0,0
0,0
0,0
0,0
0,0
0,0
1,0
1,0
0,0
1,0
0,0
0,0
0,0
0,0
0,1
0,0
0,0
0,0
1,0
1,0
0,0
1,0
1,0
0,0
0,0
0,0
1,0
0,0
0,0
1,1
0,0
1,0
0,0
1,0
0,0
0,1
1,1
1,1
0,0
1,0
0,0
0,0
0,0
0,0
0,0
0,0
1,1
0,1
0,0
0,0
0,0
0,0
1,1
0,0
0,0
1,0
0,0
0,0
0,0
1,1
1,1
1,0
1,1
1,0
0,0
0,0
0,0
0,0
1,0
0,0
0,0
1,1
0,0
0,0
1,1
0,0
1,1
1,0
1,0
1,0
1,0
0,1
1,0
0,0
1,0
1,0
1,0
1,0
0,0
1,0
0,0
0,0
0,0
1,0
0,1
0,0
1,0
0,0
1,0
0,1
0,0
1,1
1,0
0,0
0,0
1,0
1,1
0,0
1,0
0,0
1,1
0,0
0,1
0,0
0,0
1,0
0,0
1,1
1,0
0,0
0,0
0,0
0,0
0,0
1,1
0,0
0,0
0,0
1,0
1,0
0,0
1,0
0,1
1,0
0,0
1,0
1,0
0,0
1,1
0,0
1,0
0,0
0,1
0,1
1,0
0,0
1,0
1,0
1,1
0,0
0,1
1,0
1,0
0,0
1,1
1,1
0,0
1,1
1,0
0,0
1,1
1,1
1,1
1,0
1,1
0,0
1,0
1,1
0,0
1,0
0,1
0,1
1,1
1,0
0,0
1,1
1,0
1,0
1,0
0,0
1,1
1,1
1,0
1,0
1,1
1,1
1,1
1,1
1,0
0,0
1,0
1,1
0,0
1,0
0,1
1,1
0,0
0,0
1,1
1,1
1,0
0,1
0,0
0,1
1,1
0,0
1,1
1,1
1,1
1,1
0,1
0,1
0,1
0,1
1,1
1,0
1,1
1,0
1,0
1,0
0,0
0,0
0,0
0,0
1,0
1,0
0,0
1,0
1,1
1,0
0,0
1,0
1,0
0,0
0,0
1,1
0,0
0,0
1,1
1,0
1,1
1,0
0,0
0,0
0,1
1,0
0,0
1,1
1,0
1,1
1,1
0,0
1,1
1,0
0,0
0,1
1,1
0,1
1,0
0,0
1,0
1,0
0,1
0,0
1,1
0,0
1,0
0,0
1,1
1,1
0,1
0,0
0,1
1,0
1,1
1,1
0,0
0,0
0,1
1,1
0,0
1,0
0,0
1,0
1,1
0,0
1,1
0,0
1,0
1,0
1,1
1,1
1,1
0,1
1,1
0,0
1,0
0,1
1,1
0,0
1,1
1,1
0,0
1,0
1,1
0,1
0,1
1,0
0,1
0,0
0,1
0,0
1,1
1,1
0,0
1,0
1,1
1,1
1,1
1,1
1,0
0,0
0,0
1,0
1,0
1,0
0,1
0,1
1,1
1,0
1,0
1,0
1,0
0,0
0,0
1,0
0,0
0,0
0,1
0,1
0,0
0,0
0,0
0,0
0,0
0,0
0,0
0,1
0,0
1,0
0,1
1,0
0,0
0,0
1,0
1,0
0,0
0,1
0,0
1,0
1,1
1,1
0,0
1,0
0,0
0,1
0,0
0,0
0,0
0,1
0,0
0,0
0,0
0,1
1,0
1,0
0,1
1,1
1,1
0,1
0,1
0,1
0,1
0,1
0,1
0,1
1,0
0,0
1,1
1,0
0,0
0,1
0,1
0,1
1,0
1,0
1,0
1,1
1,1
0,0
0,0
0,0
0,0
1,0
0,0
0,0
0,0
1,0
0,0
1,1
0,1
0,1
1,1
1,0
0,1
0,1
0,0
0,0
0,1
0,1
0,0
0,0
0,1
0,0
0,0
0,0
1,0
0,0
0,0
0,0
1,0
1,0
1,0
1,0
1,0
0,0
1,0
0,0
1,1
1,1
0,0
1,0
1,1
0,0
1,0
0,0
0,0
1,1
1,0
0,0
1,0
1,0
1,0
0,1
0,0
0,0
0,0
0,0
1,1
0,1
1,1
0,0
0,0
0,0
1,0
1,1
1,1
1,0
1,0
1,1
0,0
0,1
0,0
1,1
1,0
1,1
0,0
1,0
1,1
1,0
1,0
1,0
1,0
1,0
1,0
1,1
0,0
0,0
1,0
0,1
1,0
1,0
1,0
1,0
0,0
1,0
0,0
1,1
1,0
0,0
1,1
0,0
0,0
1,0
1,0
0,0
1,0
0,0
1,0
1,1
1,1
0,1
0,0
1,1
1,1
1,1
1,1
1,0
1,1
1,1
1,1
1,1
1,1
0,0
1,1
1,1
0,1
0,1
0,0
0,0
0,0
0,1
1,0
0,0
0,0
0,1
0,0
0,0
0,1
1,0
0,0
1,1
1,1
1,1
1,1
1,0
1,1
1,1
1,0
1,1
0,1
1,1
1,1
1,1
1,0
1,0
0,0
0,0
1,0
1,1
0,1
1,0
0,1
0,1
1,1
0,0
0,0
1,0
1,0
1,1
0,1
1,0
1,0
1,0
1,0
0,0
1,1
1,0
0,0
1,0
0,0
0,0
0,1
1,0
0,1
0,0
1,0
1,0
0,1
1,0
1,1
0,1
0,1
1,1
1,1
1,1
1,1
1,0
1,1
1,1
1,1
1,1
1,0
1,1
1,1
1,1
1,1
1,1
1,0
1,0
1,0
0,0
1,1
1,0
1,1
1,0
1,1
0,0
1,1
0,0
1,1
0,1
0,1
1,0
0,0
1,1
0,0
0,1
1,1
1,1
0,0
1,0
1,1
0,0
1,1
0,1
1,1
1,0
1,0
1,1
1,1
0,0
0,0
0,0
1,1
1,1
1,1
0,0
0,0
1,1
0,0
0,1
0,0
0,0
0,0
0,0
0,0
1,1
0,0
1,1
0,0
0,1
1,0
0,0
0,0
1,1
0,0
0,1
0,0
0,1
1,1
0,0
0,0
0,1
1,1
1,1
1,1
0,0
0,0
1,0
0,0
0,0
0,0
1,0
1,0
0,0
0,0
1,1
0,1
0,1
0,0
1,0
1,1
0,1
1,0
1,0
1,0
1,1
0,1
1,1
0,1
0,0
0,0
0,0
0,0
0,1
0,0
0,1
1,0
0,1
1,0
1,0
1,0
1,0
0,1
0,1
1,0
0,0
1,0
0,0
1,1
1,1
1,1
0,0
0,0
1,0
0,0
1,0
1,0
0,0
0,0
1,0
1,0
0,0
1,0
0,0
1,0
0,0
0,0
1,0
0,0
1,1
1,0
0,0
1,0
0,0
0,0
0,0
0,0
0,0
0,0
0,0
0,0
1,0
0,0
1,0
1,0
0,0
0,0
1,0
0,1
1,0
0,0
1,0
0,0
1,1
1,0
0,0
1,0
0,1
0,0
0,0
1,1
0,0
0,0
0,0
0,0
0,0
1,0
0,0
0,0
1,0
0,0
1,0
0,0
0,0
1,0
0,1
1,0
1,0
0,1
0,0
1,0
1,0
1,0
0,0
1,1
1,1
0,1
1,0
0,0
1,0
1,0
1,0
0,0
0,0
0,0
1,1
1,1
1,0
0,0
1,0
1,0
0,0
0,0
0,0
1,0
0,0
0,0
1,0
0,1
0,0
0,1
0,1
0,0
1,0
1,0
1,0
1,1
1,1
1,1
1,0
0,1
0,0
1,1
0,0
0,0
0,1
0,0
0,0
1,1
1,1
0,1
0,1
0,0
1,1
0,0
0,0
1,0
0,1
0,0
0,0
1,1
1,1
0,1
0,0
1,1
0,0
1,1
1,1
0,0
0,0
1,1
1,0
1,0
0,0
1,0
1,0
0,0
0,1
1,0
0,1
0,0
0,1
0,1
0,0
1,0
0,1
1,1
0,0
1,1
0,0
0,0
0,0
0,0
0,0
1,1
0,0
0,0
0,0
0,0
0,1
0,0
1,0
1,0
0,0
1,1
1,0
1,1
1,1
1,1
1,0
1,0
0,0
0,0
1,0
0,0
1,1
0,0
0,1
1,0
1,1
0,0
0,1
1,0
1,1
0,0
1,1
0,0
0,0
0,0
0,0
0,0
0,1
0,0
0,0
0,0
0,0
1,0
1,0
0,1
1,1
1,0
0,0
0,0
1,0
0,0
0,0
1,0
0,0
0,0
0,0
1,0
1,0
0,0
0,1
1,0
0,0
0,0
0,0
1,0
1,0
1,1
0,0
0,0
0,1
1,0
0,0
0,1
0,1
0,0
1,1
0,1
1,1
1,1
1,1
1,0
1,1
1,0
1,1
1,1
1,1
1,0
1,1
1,1
0,0
1,1
0,1
1,1
0,1
1,1
0,0
0,1
0,1
0,0
1,1
1,1
0,0
0,0
0,0
0,0
0,0
0,0
0,1
1,0
1,1
0,0
1,0
1,0
1,0
0,0
0,1
0,0
1,0
0,0
1,0
0,0
0,0
0,0
0,0
1,1
0,0
0,0
1,0
0,0
1,0
1,1
1,1
0,1
0,0
1,0
0,0
1,1
1,0
0,0
1,0
0,0
1,0
0,0
1,0
1,1
0,0
1,0
1,1
0,0
1,0
1,0
1,1
1,0
1,0
1,1
1,1
1,0
1,0
1,0
1,0
0,0
0,0
0,0
0,0
1,0
1,0
1,1
1,1
0,0
0,0
0,0
0,0
0,0
1,0
0,0
1,1
1,0
0,0
0,0
1,1
1,0
0,0
1,0
1,0
0,0
1,1
0,0
0,0
1,0
0,0
0,0
1,1
1,1
0,1
1,1
0,0
1,0
1,0
0,0
1,0
0,0
1,1
1,0
0,0
1,0
0,0
1,1
0,1
1,0
1,0
0,1
0,0
0,0
0,1
1,0
1,0
1,0
1,1
1,1
0,1
0,1
1,1
0,0
1,0
0,1
1,0
0,0
0,0
0,0
1,1
0,0
1,0
0,1
0,0
0,0
1,0
0,0
0,0
1,0
0,0
0,0
0,0
0,0
0,0
0,0
0,0
1,0
1,1
1,0
1,0
1,1
0,0
1,1
1,1
1,1
0,0
0,1
1,1
1,1
0,0
1,1
1,1
0,0
0,0
0,0
0,1
1,0
0,1
1,0
1,0
0,1
1,0
1,1
1,0
0,0
0,0
1,0
0,0
0,1
0,0
1,0
1,0
1,0
0,0
1,0
1,1
1,0
0,0
0,0
1,0
1,0
0,0
0,0
0,0
0,0
0,0
0,0
0,0
0,0
0,0
1,0
0,0
0,0
0,0
0,1
0,0
1,0
0,0
0,0
1,0
1,0
1,0
1,0
0,0
1,0
0,1
0,1
0,0
0,0
0,0
0,0
1,0
0,0
0,0
1,0
1,0
0,0
0,1
1,0
1,0
0,0
0,1
0,0
0,0
0,0
0,0
0,0
0,0
1,1
1,0
0,0
0,0
0,0
1,1
1,1
1,1
1,0
1,1
1,0
1,1
1,0
0,0
0,0
0,0
1,1
1,0
0,0
0,0
0,0
1,1
1,0
0,0
0,0
1,0
0,0
0,0
0,0
1,0
0,0
1,1
1,1
0,0
0,0
0,0
1,0
0,0
1,1
1,0
0,0
0,0
0,0
1,1
1,1
1,0
0,0
0,0
0,0
1,0
1,0
0,0
1,0
0,0
1,0
0,0
1,1
0,0
0,0
0,1
0,0
0,0
0,0
0,0
0,0
0,0
0,0
0,1
0,1
0,0
0,0
1,0
0,0
1,1
1,0
0,0
0,1
0,0
1,0
0,1
0,0
0,0
1,0
0,0
0,0
1,0
0,0
0,1
0,0
0,0
0,0
0,0
0,1
0,0
0,0
0,0
0,0
0,0
0,0
0,0
0,0
1,1
0,0
0,0
0,0
1,0
1,0
1,1
0,1
0,0
0,0
0,0
0,1
0,0
1,1
0,0
1,1
1,0
0,0
0,0
1,0
0,0
0,0
0,0
0,0
0,1
1,0
0,0
0,0
0,1
1,1
1,1
0,0
1,0
1,0
1,0
1,0
1,0
1,0
0,0
0,1
1,0
0,0
0,0
0,0
0,0
0,0
0,1
1,0
0,0
1,0
0,0
0,0
1,1
0,0
0,0
1,1
1,1
0,0
0,0
1,0
1,1
0,1
1,1
1,1
0,0
0,0
0,0
1,0
0,0
0,0
1,0
1,0
1,1
0,0
0,0
0,0
0,0
0,0
1,0
1,0
0,0
1,1
1,0
1,0
0,0
0,0
0,1
1,0
1,0
0,0
0,0
0,0
0,1
0,0
1,0
1,1
1,1
0,0
0,0
1,1
1,0
0,0
0,0
0,0
1,1
0,1
1,0
1,0
1,0
1,1
1,0
0,0
1,0
0,0
1,0
1,0
0,0
0,0
1,0
1,0
1,1
1,0
1,1
1,0
0,0
1,0
0,1
0,0
0,0
0,1
1,1
1,0
1,1
1,0
0,1
1,0
0,0
0,1
1,1
0,0
1,0
1,0
1,0
0,0
0,0
0,0
1,0
0,0
0,1
1,0
1,1
1,1
0,0
1,0
0,0
1,0
0,0
0,0
0,0
0,1
1,1
0,0
0,0
1,0
0,0
0,0
0,0
0,0
1,0
0,0
1,0
0,0
0,0
1,1
0,1
0,0
0,0
1,0
0,0
1,0
0,0
1,0
0,0
1,1
0,0
1,0
1,0
1,1
0,1
1,1
0,0
1,0
1,0
0,1
1,0
0,0
1,0
0,1
1,0
1,0
0,0
0,0
0,0
0,0
1,0
0,1
0,0
0,0
0,0
1,0
0,0
1,1
1,0
1,0
1,1
0,0
1,0
1,0
0,0
0,0
1,1
1,0
0,1
1,0
1,0
1,0
1,1
1,1
1,0
1,0
1,1
0,0
0,0
1,1
0,0
1,1
0,0
0,0
0,1
0,0
0,0
0,0
0,0
1,0
0,0
1,0
1,0
1,0
1,0
1,0
0,0
0,0
0,0
0,0
1,0
0,0
1,0
1,0
1,0
1,0
1,1
1,0
1,0
1,0
1,0
1,0
1,0
1,0
1,0
0,0
0,0
1,0
0,0
1,1
1,0
0,0
0,0
0,0
0,0
1,0
1,0
1,1
1,1
1,0
1,1
0,0
0,0
0,0
0,0
1,0
0,0
0,0
0,0
1,1
1,1
0,0
1,0
0,0
1,0
1,0
1,1
0,0
1,1
0,0
1,0
1,1
1,0
0,0
1,0
1,0
0,0
0,0
0,0
1,1
0,0
1,1
1,0
1,1
0,1
1,1
0,0
1,1
1,0
0,1
0,0
0,0
0,1
0,0
1,0
0,0
0,0
0,0
0,1
1,1
1,0
1,1
0,0
1,0
0,0
1,0
1,0
1,0
0,0
0,0
0,0
1,0
0,0
1,0
1,1
1,0
0,0
0,0
1,0
0,0
0,0
0,0
0,0
0,0
1,1
1,1
1,0
1,0
1,1
0,0
1,0
0,0
0,0
1,0
0,0
0,0
0,0
0,0
0,1
0,0
0,0
0,0
0,0
0,0
1,0
0,0
0,1
1,0
0,1
1,1
1,0
0,0
0,0
0,1
0,0
0,1
0,1
0,0
1,0
1,0
0,0
0,0
0,1
1,0
1,0
0,0
1,0
0,0
1,0
1,1
0,1
0,0
1,1
0,0
1,0
0,1
0,0
0,0
1,0
0,0
0,0
1,0
0,0
0,0
0,0
0,0
1,1
1,1
1,0
1,0
1,0
1,0
1,0
1,0
1,0
0,0
0,1
1,0
0,0
0,0
0,0
0,0
0,0
1,0
0,0
0,0
1,1
1,0
0,1
0,0
0,0
0,0
1,0
1,0
1,0
0,0
1,1
1,0
1,0
1,0
0,0
1,1
1,1
0,0
1,0
0,0
0,0
0,0
0,0
1,1
1,0
1,1
0,0
0,1
0,0
0,1
1,1
0,1
0,0
0,0
0,0
0,0
0,0
1,0
0,0
0,0
0,0
1,0
1,0
1,0
0,0
0,0
0,0
1,0
0,0
1,0
0,0
1,0
0,0
0,0
0,0
0,0
1,1
1,1
0,0
0,0
1,0
1,0
0,0
1,0
1,1
1,0
0,0
0,0
1,1
1,0
1,0
1,1
1,0
1,1
1,0
0,0
0,0
1,1
0,0
0,0
1,0
1,1
0,0
1,0
1,1
0,0
0,0
0,0
0,0
0,0
0,0
0,0
1,0
0,1
0,0
1,1
1,0
0,0
1,0
0,1
1,0
0,0
0,0
0,0
0,0
1,0
0,0
1,0
0,0
0,0
1,0
0,0
1,0
1,0
1,0
0,0
0,0
0,0
1,1
0,0
0,0
0,0
0,0
1,1
1,0
0,0
0,0
1,0
0,0
0,0
1,1
0,0
0,0
1,1
0,0
0,1
1,1
1,0
0,1
1,1
0,0
1,0
0,0
0,0
0,0
1,0
1,0
0,0
0,0
1,1
0,0
1,0
1,0
0,1
1,0
1,0
0,1
1,1
1,1
0,1
0,0
1,0
0,1
1,0
0,1
0,0
0,0
0,1
0,1
0,0
1,0
0,0
0,0
1,1
0,0
0,0
1,0
0,0
0,0
1,1
1,1
1,0
0,0
0,0
1,1
0,1
1,0
1,0
1,0
1,1
1,1
0,0
0,1
1,0
0,0
1,1
0,0
0,0
0,1
0,1
1,1
0,1
0,1
0,0
0,1
1,1
0,1
1,0
0,0
1,1
0,1
0,1
0,0
0,0
1,1
0,0
0,0
1,0
1,1
0,1
0,1
0,1
1,1
1,1
0,0
1,0
0,0
1,0
0,0
1,1
0,0
1,0
1,0
1,1
1,1
0,1
0,0
1,1
0,0
1,1
0,1
1,1
1,1
0,1
1,1
0,0
1,1
1,0
0,0
1,1
1,1
1,0
1,1
1,1
0,1
1,1
0,0
0,1
0,0
0,0
0,1
0,0
1,0
0,0
1,0
0,0
0,1
0,0
0,1
1,1
1,0
0,1
1,0
0,0
0,0
1,0
1,0
1,1
1,0
1,0
0,1
1,1
1,1
0,0
1,0
1,1
0,0
1,1
0,0
0,0
1,0
0,0
0,0
1,0
0,1
0,1
0,0
0,0
0,0
1,1
1,1
0,0
1,1
1,0
0,0
0,1
1,0
1,0
1,1
0,1
0,0
1,0
0,0
1,0
1,0
1,0
1,1
1,0
1,0
0,0
0,0
0,0
0,0
0,0
0,0
0,0
1,0
1,1
0,0
0,0
1,0
0,0
0,0
1,0
0,0
1,0
1,0
0,0
0,0
0,0
0,0
0,0
0,0
0,0
0,0
0,0
1,1
0,1
0,0
0,0
0,0
0,1
0,0
1,0
1,0
0,0
0,0
0,1
0,0
0,0
1,0
0,0
0,0
1,0
0,0
1,1
0,0
1,0
1,0
1,0
0,0
0,0
0,0
0,0
0,0
0,0
1,0
1,1
1,1
1,0
1,0
1,0
1,0
0,0
0,0
0,1
0,0
0,0
0,0
0,0
0,0
0,0
0,0
0,1
0,0
1,0
0,0
0,0
0,0
1,0
0,0
1,1
0,0
0,0
1,0
0,0
1,0
1,1
0,0
0,0
1,0
0,1
1,0
0,0
1,1
1,1
1,0
1,0
1,0
1,0
1,0
0,0
1,1
0,0
0,1
1,1
0,0
1,0
1,0
1,0
1,1
1,0
1,1
1,0
1,1
0,1
1,1
0,1
0,0
1,1
0,0
1,1
1,1
0,1
0,0
1,1
1,1
0,0
1,0
0,1
0,0
1,1
0,0
0,0
0,1
0,0
1,1
0,0
1,0
0,0
1,1
0,1
0,0
1,1
1,1
0,0
1,0
1,0
0,0
1,0
0,1
0,0
0,1
0,0
0,0
1,0
0,0
0,0
1,0
1,1
0,0
0,0
0,0
0,1
0,0
0,0
0,0
0,1
1,0
1,0
0,0
0,0
1,1
0,0
1,0
0,0
0,0
1,1
0,0
1,0
0,1
0,0
0,0
1,0
1,1
0,1
1,0
1,0
1,0
1,0
0,0
0,0
1,1
1,0
1,0
1,0
0,1
1,0
0,0
0,0
0,0
1,0
1,0
0,0
1,0
1,1
0,0
0,1
1,1
0,0
0,1
1,0
1,0
1,0
0,1
0,0
0,0
0,0
1,1
1,1
1,1
1,0
0,0
1,0
1,0
1,0
0,0
0,0
1,1
0,1
1,0
0,0
1,1
1,0
1,0
1,1
0,0
1,1
0,0
0,0
1,0
0,0
0,0
0,1
1,1
1,0
1,0
1,1
1,1
1,1
0,0
1,1
0,1
0,1
0,1
1,1
0,0
1,0
0,1
1,0
0,0
0,0
0,0
0,0
1,0
1,0
0,1
0,0
1,0
0,1
0,1
1,1
0,0
1,0
1,1
0,0
1,0
0,0
1,0
1,1
0,0
1,0
1,0
1,1
1,1
1,0
1,0
1,0
0,0
0,1
1,0
0,0
1,0
0,0
0,0
1,0
1,0
0,1
1,1
0,1
0,1
0,0
1,0
1,1
1,0
0,1
1,0
1,1
0,0
0,0
0,0
0,0
0,0
0,1
0,0
0,0
1,0
0,0
1,1
0,1
1,0
0,1
0,0
1,1
0,0
0,0
1,0
0,0
0,0
0,0
0,0
0,0
0,1
1,0
1,0
0,1
0,0
0,1
1,1
0,0
0,0
1,1
0,1
1,1
0,0
1,1
1,0
0,0
1,0
1,0
0,0
1,0
0,0
0,0
1,0
1,0
0,0
0,0
0,0
1,0
1,0
0,0
1,0
0,1
0,0
0,0
0,0
1,0
0,0
0,1
1,1
0,0
0,0
1,0
0,0
1,1
0,0
0,0
0,0
1,0
0,0
1,0
1,0
0,0
0,1
1,1
0,1
1,0
1,0
0,1
0,0
0,1
0,0
0,0
0,0
1,1
1,0
0,0
0,0
1,0
0,1
0,0
0,0
0,1
0,0
0,0
0,0
1,0
0,0
0,0
0,0
1,0
0,0
1,1
1,1
0,0
1,1
0,1
1,0
0,1
1,0
0,1
1,1
0,0
0,0
1,0
1,0
0,0
1,1
0,1
0,0
1,1
0,0
1,0
1,0
0,0
0,0
0,1
0,0
0,0
0,0
0,0
0,0
0,0
1,0
1,0
1,0
1,0
0,0
1,1
0,0
1,0
0,0
0,1
0,0
0,0
0,0
1,1
1,0
0,0
1,1
1,0
0,1
0,0
0,0
0,0
0,1
1,0
1,0
1,0
1,0
1,0
0,0
0,0
0,0
0,0
0,1
0,0
0,0
0,0
1,0
0,0
0,0
0,0
1,0
0,0
0,0
0,0
0,0
0,0
0,0
0,0
0,0
1,0
1,0
0,1
1,0
0,0
0,0
1,0
1,0
1,0
0,0
1,0
0,0
0,0
0,0
0,0
0,0
0,0
0,1
1,1
0,0
0,0
0,0
0,0
0,0
1,0
0,0
1,0
0,0
1,0
0,1
0,0
0,0
0,0
1,0
1,0
0,0
1,0
1,1
0,0
0,0
1,0
1,1
0,0
1,0
0,0
0,1
0,0
1,1
1,0
1,0
0,0
0,0
0,0
0,0
0,0
0,0
1,1
0,0
0,0
1,0
0,0
0,0
0,0
0,0
1,0
0,0
0,0
0,0
0,0
0,1
0,0
0,0
0,1
1,0
0,0
1,0
1,0
0,0
0,0
0,1
0,0
1,0
0,0
1,1
0,0
0,0
1,1
1,0
0,0
1,0
0,0
0,0
0,0
1,0
1,0
0,0
0,0
0,0
0,0
1,0
0,0
0,1
1,0
1,1
0,0
0,0
1,0
0,0
0,0
0,0
0,0
1,0
0,0
1,0
0,0
0,0
0,0
0,0
0,0
0,0
0,0
1,0
0,0
0,0
0,0
0,0
0,0
0,0
1,0
1,0
1,0
0,0
0,0
0,0
0,0
0,0
0,0
1,0
0,0
0,1
0,0
0,0
0,0
0,0
1,0
1,0
0,0
1,0
0,0
0,0
1,1
1,0
0,0
0,0
0,0
0,0
0,0
0,0
1,0
0,0
0,0
0,0
1,0
0,0
0,0
1,0
0,0
0,1
0,0
1,0
0,0
1,1
1,0
0,1
1,0
1,0
0,0
0,0
1,0
0,0
0,0
0,0
0,0
1,0
1,0
0,0
0,0
0,0
0,0
0,0
1,0
0,0
0,0
1,0
0,0
0,0
0,0
0,0
0,0
0,0
1,0
0,0
0,0
1,0
0,0
0,0
1,0
0,0
0,0
0,0
1,0
1,0
0,0
0,0
0,0
0,0
0,0
0,0
1,0
1,0
0,0
1,0
0,0
1,0
0,0
0,0
0,0
0,0
0,0
0,0
0,0
1,0
0,0
0,0
1,0
1,0
0,0
1,0
1,1
0,0
0,0
0,0
0,0
1,0
0,0
1,1
0,0
0,0
1,1
0,0
1,0
1,0
0,0
0,0
0,0
1,0
0,0
1,0
0,0
0,0
0,0
0,1
0,0
0,0
1,0
0,0
0,0
1,0
1,0
1,0
0,0
0,0
1,0
0,0
0,0
1,0
0,0
0,0
0,0
0,0
0,0
0,0
0,0
0,0
0,0
0,0
0,0
1,1
0,0
1,0
1,0
0,0
0,1
1,1
0,0
0,0
0,0
1,1
1,0
1,0
0,0
1,0
0,1
1,0
1,0
0,0
0,0
1,0
0,0
1,0
0,0
0,0
1,0
1,1
0,0
0,0
0,0
1,1
0,0
0,0
0,1
1,0
1,1
1,0
0,0
0,0
1,1
1,0
0,0
1,1
0,0
1,0
0,0
1,0
1,0
0,0
1,0
0,0
0,0
1,0
0,0
1,0
1,0
1,0
0,0
1,1
0,0
1,0
0,0
1,0
0,0
1,0
1,1
1,1
0,0
0,1
0,0
0,0
0,0
0,0
0,0
1,0
1,0
0,0
0,0
1,0
0,0
0,0
1,0
0,0
0,0
0,0
1,1
1,0
0,1
0,0
0,0
0,1
0,0
0,0
1,0
0,1
0,0
0,1
0,0
0,0
1,0
0,1
0,0
1,0
0,0
1,1
1,0
0,0
0,0
0,0
1,0
0,0
1,0
0,0
0,0
1,0
0,0
1,0
0,0
0,0
1,1
1,0
1,0
0,0
1,0
0,1
1,1
0,0
1,1
0,1
1,1
0,0
0,0
0,0
1,0
0,0
0,0
1,0
1,1
1,0
0,0
0,0
1,1
1,0
0,1
0,0
1,0
0,0
1,0
1,0
0,0
1,1
1,0
1,0
0,0
1,0
1,0
0,0
1,0
1,0
0,0
1,1
0,0
0,0
1,0
0,0
1,0
0,0
1,0
1,0
1,1
1,1
1,0
0,0
1,0
1,1
1,1
0,0
0,0
1,0
1,0
0,0
1,0
1,1
1,0
0,0
1,0
1,1
1,1
0,0
0,0
1,0
1,1
1,0
0,0
1,0
1,1
1,1
0,0
1,1
1,0
1,0
0,1
1,0
0,0
0,0
0,0
0,0
1,0
1,0
1,0
0,0
0,0
0,0
1,1
0,0
1,0
0,0
1,0
1,0
0,0
0,0
1,0
1,0
1,1
1,1
0,0
0,0
1,0
1,0
0,0
1,0
0,0
0,0
0,0
1,1
0,1
1,1
1,1
0,0
1,0
0,0
1,1
1,1
1,0
0,0
1,0
1,0
0,0
1,0
0,0
1,0
0,0
1,0
1,0
1,1
0,0
1,0
1,0
1,1
1,0
1,1
0,0
0,0
1,0
1,0
1,0
1,0
1,0
1,0
1,0
0,0
1,1
0,0
1,0
0,0
1,1
0,1
0,0
0,0
0,0
0,0
1,0
0,1
0,0
1,0
1,0
0,0
1,0
1,0
0,0
0,0
0,0
1,0
1,1
0,0
0,0
0,0
1,0
1,1
1,0
0,0
1,0
0,0
1,1
0,0
0,0
0,0
1,0
1,1
0,0
0,0
1,0
1,0
0,0
1,0
1,1
0,0
1,0
1,0
0,0
0,0
0,0
1,0
0,0
1,0
1,0
0,0
0,0
0,0
1,0
0,0
0,0
1,0
0,0
0,0
0,0
0,0
1,0
0,0
1,0
1,0
0,1
1,1
0,1
0,0
0,0
1,1
1,0
1,0
0,0
0,0
0,0
1,1
1,0
0,0
0,0
1,1
1,0
0,0
1,1
1,0
0,0
1,1
0,0
0,0
1,0
1,1
0,0
0,0
1,0
0,0
0,0
0,0
1,0
0,0
0,0
0,1
0,0
0,0
1,1
1,1
0,0
0,0
0,0
1,0
0,0
0,0
0,1
1,0
1,0
1,0
0,0
1,0
1,0
0,0
1,1
1,1
0,0
1,0
1,0
1,0
1,0
0,0
1,0
0,0
1,0
0,1
0,0
0,0
1,1
0,0
0,0
1,0
0,0
1,0
0,0
0,0
1,0
1,1
0,0
0,0
1,1
1,0
1,0
1,0
1,0
0,0
0,0
0,0
0,0
1,1
1,0
1,1
0,0
1,0
0,0
1,0
0,0
0,1
0,0
1,1
1,0
1,0
1,0
0,0
0,0
0,0
0,0
0,0
1,0
0,0
0,0
0,0
0,0
0,1
0,0
0,0
1,0
0,0
1,0
0,0
1,0
0,1
0,0
1,1
1,0
0,0
0,1
1,0
1,0
1,0
1,0
0,0
1,0
1,0
0,0
1,0
0,0
0,0
0,1
1,0
0,0
1,0
1,0
0,0
0,0
0,0
1,1
0,0
1,0
1,0
0,0
1,0
1,0
1,0
1,0
1,0
0,0
1,0
1,0
1,0
1,0
1,0
1,0
1,0
0,0
0,0
0,0
0,0
1,0
0,0
0,0
0,0
1,0
0,0
0,0
1,1
0,1
0,1
0,0
0,0
0,0
0,0
0,0
0,0
0,0
1,0
1,1
1,0
0,1
0,1
1,1
0,0
0,0
0,1
1,0
0,0
0,0
0,0
0,1
0,0
0,0
1,0
0,0
1,0
0,1
0,0
1,0
0,0
0,0
0,0
1,1
1,0
1,0
1,1
1,1
1,1
1,0
0,1
0,0
0,0
1,0
0,0
0,1
0,1
1,0
0,0
0,0
0,0
1,0
1,0
1,0
0,0
0,0
1,1
0,0
0,0
1,0
0,1
0,0
1,0
1,0
1,0
0,0
1,0
0,0
1,0
0,1
1,0
1,0
1,0
1,1
1,0
1,1
0,0
1,1
0,1
1,1
1,0
0,1
0,0
1,0
1,0
0,0
1,0
0,0
0,0
1,0
0,0
0,0
0,0
0,0
0,0
1,0
1,0
1,0
0,0
1,0
1,0
1,1
1,0
1,0
0,0
0,0
1,0
1,0
1,0
1,0
1,1
1,0
0,0
0,0
1,1
1,0
1,1
1,0
1,0
1,0
0,0
0,0
0,1
0,1
0,0
0,0
1,0
1,0
0,0
0,0
1,0
0,0
1,1
0,0
1,1
1,1
0,0
1,1
0,0
1,1
0,0
0,0
0,0
1,0
1,0
0,1
0,0
1,0
1,1
1,0
1,1
1,1
1,0
0,1
0,0
1,0
1,0
1,0
0,0
1,0
1,0
1,0
0,0
1,0
1,0
1,0
1,1
1,0
1,0
0,0
1,0
0,0
0,0
1,1
1,1
0,0
1,1
0,0
0,0
0,1
1,0
1,0
1,0
1,0
1,0
1,0
0,0
1,0
1,0
0,1
0,0
1,1
1,0
0,0
1,0
1,0
0,0
1,1
1,0
0,0
0,0
0,0
0,0
1,0
1,1
0,0
1,0
1,0
1,0
1,0
0,0
0,1
1,0
1,0
0,0
1,0
1,1
1,0
0,0
1,0
0,0
0,0
1,1
0,0
1,0
0,0
1,0
1,1
0,0
1,0
0,0
0,0
0,0
1,0
0,0
1,1
0,0
1,0
1,0
0,1
0,1
1,0
0,0
1,0
0,0
0,1
1,1
0,1
0,1
0,1
0,0
0,1
1,0
0,0
1,0
0,0
1,1
0,0
0,0
0,0
1,0
1,1
0,1
0,0
0,0
0,0
1,1
0,1
0,1
1,1
1,0
1,1
1,0
1,1
1,0
1,1
0,0
0,0
0,0
1,1
0,1
1,0
0,0
0,0
1,0
1,0
1,0
1,0
1,0
1,1
1,1
1,0
1,1
1,0
0,0
0,0
0,1
1,0
1,0
0,1
0,0
1,0
0,1
0,1
0,0
0,0
1,1
0,0
0,0
0,0
0,1
0,0
1,1
0,0
0,0
0,1
0,0
0,0
1,0
1,0
1,0
1,1
1,0
1,0
0,0
1,0
0,0
1,0
0,0
1,1
0,0
0,0
0,0
0,0
0,0
1,0
0,1
0,0
1,0
1,0
0,0
0,0
0,0
0,0
0,0
0,0
1,0
1,0
0,0
0,0
0,0
1,0
0,0
1,0
0,0
0,0
0,0
0,0
0,0
0,1
1,0
0,0
0,0
0,0
1,0
1,0
0,0
0,0
0,0
0,0
0,0
0,0
0,0
0,0
0,0
0,0
1,0
0,0
0,0
0,0
0,0
0,0
1,0
0,0
0,0
1,0
0,0
0,0
1,0
0,0
0,0
0,0
1,0
0,0
1,0
1,0
1,0
0,0
0,0
1,0
1,0
1,1
1,0
0,0
1,0
1,1
0,0
0,0
0,0
1,1
1,0
1,0
1,0
1,0
1,0
0,0
0,0
0,0
1,0
1,1
0,0
0,0
1,0
1,0
0,0
0,0
1,0
1,0
0,0
0,1
1,0
0,0
0,0
1,0
0,0
0,0
0,0
0,0
1,0
0,0
0,0
0,0
1,0
0,0
0,0
0,0
0,0
0,0
1,0
0,0
0,0
0,0
0,0
1,0
1,1
0,0
0,0
0,0
0,0
0,0
1,0
1,0
0,0
1,0
1,0
0,0
0,0
0,1
0,0
0,0
0,0
0,0
0,0
1,0
0,0
0,0
0,0
1,0
0,0
0,0
0,0
0,0
0,0
0,0
0,0
1,1
0,0
1,1
1,1
0,0
1,1
1,1
0,0
0,0
0,0
0,0
0,0
1,1
1,0
1,0
0,0
0,0
0,0
1,0
1,0
1,0
1,0
1,0
0,0
0,0
1,0
1,0
0,0
1,1
1,0
1,0
1,0
0,0
0,1
0,0
0,0
1,0
1,1
0,0
0,0
0,0
1,0
1,0
1,0
0,0
1,0
1,1
0,0
0,0
1,0
0,0
0,0
0,0
0,0
0,0
0,0
0,0
0,0
1,0
1,0
0,0
1,0
1,0
0,0
0,0
0,0
0,0
1,1
0,0
0,0
1,0
0,0
1,0
0,1
0,0
0,0
0,1
0,0
0,0
0,0
0,0
1,0
0,0
0,0
1,0
0,0
1,1
0,0
0,1
0,0
1,1
1,0
1,0
1,0
1,0
0,0
0,0
0,1
0,0
1,0
0,0
0,0
0,0
0,0
0,0
1,1
0,0
0,1
1,0
0,0
0,0
1,0
0,0
0,0
0,0
1,0
0,0
0,0
0,1
0,0
0,1
1,0
0,1
1,0
0,0
1,0
0,0
0,0
0,0
1,1
0,0
1,0
0,0
1,0
0,0
0,0
1,0
0,1
1,0
0,0
0,0
1,0
0,1
0,1
0,0
0,1
0,0
1,0
1,0
0,0
0,0
0,0
0,0
1,0
0,0
0,0
0,0
0,0
1,0
0,0
0,0
0,0
0,0
0,0
0,0
0,0
0,0
0,0
0,0
0,0
1,0
0,0
0,0
1,0
0,0
0,0
0,0
1,0
1,0
1,1
0,0
1,0
0,0
0,0
0,0
0,0
0,0
1,0
0,0
1,0
0,0
0,0
0,0
0,0
0,0
0,0
1,0
0,1
0,0
1,0
1,0
0,0
0,0
0,0
1,0
0,0
0,0
1,0
1,0
1,0
0,0
0,0
1,0
0,0
1,1
1,0
0,0
1,1
0,0
0,0
0,0
0,0
0,0
0,0
1,0
0,0
1,0
0,0
1,0
0,0
0,0
0,0
0,0
0,0
0,0
0,0
0,0
0,0
0,0
0,0
0,0
0,0
1,0
1,1
0,0
0,0
0,0
1,0
1,0
0,0
0,0
0,0
0,0
0,0
1,0
1,0
1,0
0,0
0,0
1,0
1,1
1,0
0,0
0,0
1,0
0,0
0,0
0,0
0,0
0,1
0,0
0,0
1,0
0,0
0,0
1,0
1,1
0,0
1,1
0,0
0,0
0,0
1,1
0,0
1,1
0,0
0,0
0,0
0,1
0,0
0,0
1,0
0,0
1,0
0,0
1,0
0,0
1,1
1,0
0,0
0,0
0,0
1,0
0,0
0,0
0,1
0,0
1,0
1,0
1,0
0,0
0,0
0,1
0,0
1,1
0,0
0,0
0,0
1,1
0,0
1,0
1,0
0,0
0,0
1,1
0,1
0,0
0,0
1,0
0,0
0,0
1,1
0,0
0,0
1,1
0,1
0,0
0,0
1,0
1,0
0,0
0,0
0,0
0,0
1,1
0,0
1,0
0,0
0,0
1,1
0,0
1,0
0,0
0,0
0,0
0,0
0,0
0,0
1,1
0,0
0,0
0,0
0,0
0,0
1,0
0,0
0,1
0,0
1,0
1,1
1,0
0,1
0,1
0,0
1,0
0,1
1,0
0,0
0,0
1,0
1,0
0,1
0,0
0,0
0,0
0,0
0,0
0,0
0,0
0,1
1,0
0,1
1,0
1,0
0,0
0,0
1,0
0,0
0,0
0,0
1,0
0,0
0,0
0,0
0,0
0,0
0,0
1,0
0,0
1,0
1,0
0,0
1,0
0,0
0,0
0,0
0,0
0,0
0,0
0,0
0,0
0,0
0,0
0,0
0,0
0,0
1,0
1,1
0,0
1,0
0,0
0,0
0,1
0,0
0,0
0,0
0,0
0,0
1,0
0,0
0,0
0,0
0,0
1,0
0,0
0,0
0,0
0,0
0,0
0,0
0,0
0,0
0,0
0,0
0,0
0,0
1,1
1,0
0,0
0,0
0,0
1,0
0,0
0,0
0,0
0,0
0,0
0,0
0,0
0,0
1,0
0,0
0,0
1,0
0,1
0,0
0,0
0,0
0,1
0,0
0,0
0,0
0,0
1,0
0,0
0,0
0,0
0,0
0,0
1,0
0,0
0,0
0,0
0,0
1,0
0,0
0,0
0,0
0,0
0,0
1,0
0,0
0,0
0,0
0,0
1,0
0,0
0,0
0,0
0,0
1,0
0,1
0,0
0,0
0,0
1,0
0,0
0,0
1,0
0,0
0,0
0,0
0,0
0,1
0,0
0,0
0,0
0,1
0,0
0,0
1,1
0,0
1,0
0,0
0,1
0,0
1,0
0,0
0,0
0,0
0,0
0,0
0,0
0,0
0,0
0,0
0,0
0,0
0,0
0,0
0,0
0,0
0,0
1,0
1,0
0,0
0,0
0,0
0,0
1,0
0,0
0,0
0,0
0,0
1,0
0,0
0,0
0,0
1,0
0,1
1,0
0,0
0,0
0,0
0,0
0,0
1,1
0,0
0,0
1,0
0,0
0,0
0,0
1,0
1,0
0,0
0,0
0,0
0,0
0,0
0,0
0,0
0,0
0,0
1,0
0,0
0,0
0,0
0,0
0,0
1,0
1,0
0,0
0,0
0,0
0,0
0,0
1,0
0,0
1,1
0,0
0,0
0,0
1,0
1,1
0,0
0,0
1,0
0,0
1,0
1,0
0,0
0,0
0,0
1,0
0,0
0,1
0,1
0,1
1,1
0,0
0,1
0,0
1,0
0,0
1,1
0,0
0,1
0,0
0,0
1,0
0,0
0,0
0,0
0,0
0,0
0,0
0,0
0,0
0,0
0,0
0,0
0,0
0,0
0,0
0,0
0,0
0,0
0,0
0,0
0,0
0,0
0,0
0,0
0,0
0,1
0,0
1,0
0,0
0,0
1,1
0,0
0,1
0,0
0,0
0,0
0,0
0,0
1,0
0,0
0,0
0,0
0,0
0,0
0,0
0,0
1,0
0,0
0,0
0,0
0,0
0,0
0,0
0,0
0,1
0,0
1,0
0,0
0,0
0,0
0,0
0,0
0,0
0,0
0,0
0,0
0,0
0,0
0,0
0,0
0,0
0,0
0,0
1,0
0,1
0,0
0,0
0,0
0,0
1,1
1,0
0,0
0,0
1,0
0,0
1,0
0,0
0,0
1,1
0,0
0,0
0,0
1,0
1,1
0,0
0,0
0,0
1,1
0,0
0,0
0,0
0,0
0,0
0,0
0,0
0,0
0,0
0,1
0,0
0,1
0,0
0,0
0,0
0,0
0,1
0,0
1,0
0,0
0,0
0,0
0,0
0,0
0,0
1,0
0,0
0,0
0,0
1,1
1,0
0,0
1,0
1,1
1,0
0,0
1,0
0,0
1,0
0,0
0,0
1,0
0,0
1,0
0,0
0,0
0,0
1,0
1,0
0,0
1,1
0,1
1,0
1,1
0,0
0,0
1,0
1,0
1,1
0,0
0,0
0,0
0,0
0,0
1,0
1,0
0,0
1,1
1,0
0,1
0,1
0,1
1,1
0,0
0,0
1,1
0,0
1,0
0,0
0,0
1,1
1,0
1,1
0,0
1,1
0,0
0,0
0,0
0,0
0,0
1,0
0,0
0,0
1,0
0,0
0,0
1,0
0,0
0,0
0,0
0,0
0,0
0,0
0,0
1,1
0,0
0,0
0,0
1,0
0,0
1,1
0,0
0,0
0,0
0,0
0,0
1,0
0,0
0,0
0,0
0,0
1,1
0,0
0,0
1,0
0,0
0,0
0,0
0,0
0,0
0,0
1,0
0,0
0,0
1,0
1,0
0,0
0,1
1,0
1,0
0,0
0,0
0,0
0,0
1,0
0,1
1,1
0,0
1,0
0,0
0,0
1,1
0,0
0,0
1,0
1,0
0,1
0,0
0,0
0,0
0,1
1,1
0,1
0,0
0,1
1,0
0,1
0,1
1,0
1,0
1,0
0,0
1,0
1,0
1,0
0,1
0,0
0,0
0,0
0,0
0,0
0,0
1,0
0,0
0,0
0,0
1,1
1,0
0,1
0,0
0,0
0,0
0,0
0,0
0,0
0,0
1,1
1,1
1,1
0,0
0,0
0,1
1,0
1,0
1,1
0,0
0,0
1,0
1,1
0,1
0,1
0,1
0,0
0,0
0,0
1,0
0,0
0,0
0,0
0,0
0,0
0,0
1,0
0,0
1,0
0,0
1,0
0,0
0,0
1,0
0,0
1,1
1,1
0,1
0,0
1,0
1,0
0,0
0,0
1,0
0,1
0,0
1,1
0,0
0,0
1,1
0,0
1,0
0,0
1,0
0,0
1,0
0,0
0,0
1,0
0,0
0,0
0,0
1,0
0,0
1,0
1,0
0,0
1,1
0,1
0,0
1,0
0,0
0,0
0,0
0,1
0,1
0,0
1,1
0,0
1,1
0,0
0,0
0,0
1,0
0,0
0,0
0,0
0,0
0,0
1,1
0,0
0,0
0,0
0,0
0,0
0,0
0,0
1,1
1,0
0,1
0,0
1,1
1,0
1,0
0,0
1,0
0,0
0,0
0,0
0,0
0,0
0,1
0,0
0,0
1,1
0,0
0,0
0,0
0,0
0,1
0,0
1,0
1,0
1,0
0,0
0,0
0,0
0,0
0,0
0,0
0,0
0,1
0,0
0,0
0,0
0,0
0,1
0,0
1,0
0,0
0,0
0,0
0,0
0,0
0,1
0,0
0,0
1,0
0,0
1,0
1,1
0,0
1,0
0,0
0,0
1,0
1,0
0,1
0,1
0,0
0,0
1,0
0,0
0,0
1,0
0,0
0,0
1,0
0,0
0,0
1,0
0,0
0,0
0,0
0,1
0,0
0,0
0,0
0,0
1,0
0,0
1,0
0,0
0,0
0,0
0,0
0,0
0,0
0,0
0,0
1,0
0,0
0,0
0,0
0,0
0,0
0,1
0,0
0,0
0,0
0,0
0,0
0,0
0,0
0,0
0,0
0,0
1,0
1,0
0,0
0,0
0,0
0,0
0,0
0,0
0,0
0,0
0,0
0,0
1,1
0,0
0,0
1,0
0,1
0,0
0,0
0,0
0,1
0,1
1,1
0,0
0,0
0,0
0,1
0,0
0,0
0,1
0,0
1,0
0,0
0,0
0,0
0,0
0,0
0,0
0,0
0,0
1,0
0,0
0,0
0,0
0,0
0,0
0,0
0,0
0,0
0,0
0,0
0,0
0,1
0,0
0,0
1,0
0,0
0,0
0,1
0,0
0,0
0,0
0,1
0,0
0,0
0,0
0,1
0,0
0,0
0,1
0,0
0,0
0,0
0,0
0,0
0,0
0,0
0,0
0,0
1,1
0,0
1,1
0,0
0,0
0,0
0,0
1,0
0,0
0,0
1,1
0,1
1,1
0,1
0,0
1,0
1,1
0,1
0,1
0,0
1,0
1,0
0,0
0,0
0,0
0,0
1,1
0,0
0,0
1,1
0,1
0,0
0,0
0,0
1,0
0,1
0,0
1,0
0,0
1,1
0,0
0,0
1,1
0,0
0,1
0,0
0,0
1,0
0,0
0,1
0,0
0,0
0,0
0,0
0,0
0,1
0,0
1,1
1,1
0,0
1,0
0,1
0,0
1,0
1,0
0,0
1,0
1,0
0,0
1,0
1,0
1,1
1,1
1,0
1,1
0,0
0,0
0,0
1,1
1,0
1,1
0,0
1,1
0,0
0,0
0,0
0,0
0,0
1,0
1,0
0,0
1,0
0,0
1,1
0,0
1,0
0,0
1,1
0,0
0,0
0,1
1,0
0,0
1,0
0,0
0,0
0,0
0,0
1,1
0,0
0,0
1,0
1,0
1,0
1,0
1,0
0,0
0,0
0,0
1,1
0,0
0,0
0,0
0,0
0,0
1,0
1,0
0,0
0,1
0,0
0,0
0,0
0,0
0,1
0,0
1,0
0,0
0,0
1,0
0,0
0,0
1,0
1,0
1,0
0,0
1,1
1,0
1,0
1,0
